episode,time,node,sf
1,0,pop0,a
1,0,pop0,b
1,0,pop1,b
1,0,pop1,c
1,0,pop2,a
1,0,pop2,b
1,0,pop2,c
1,0,pop3,a
1,0,pop3,b
1,0,pop3,c
1,0,pop4,a
1,0,pop4,b
1,0,pop4,c
1,0,pop5,c
1,0,pop6,a
1,0,pop6,b
1,0,pop6,c
1,0,pop7,b
1,0,pop7,c
1,0,pop8,a
1,0,pop8,b
1,0,pop8,c
1,0,pop9,a
1,0,pop9,b
1,0,pop9,c
1,0,pop10,a
1,0,pop10,c
1,100,pop0,a
1,100,pop0,b
1,100,pop0,c
1,100,pop1,a
1,100,pop1,b
1,100,pop1,c
1,100,pop2,a
1,100,pop2,b
1,100,pop2,c
1,100,pop3,a
1,100,pop3,b
1,100,pop3,c
1,100,pop4,b
1,100,pop4,c
1,100,pop5,b
1,100,pop5,c
1,100,pop6,a
1,100,pop6,b
1,100,pop6,c
1,100,pop7,a
1,100,pop7,b
1,100,pop7,c
1,100,pop8,a
1,100,pop8,b
1,100,pop8,c
1,100,pop9,a
1,100,pop9,b
1,100,pop9,c
1,100,pop10,a
1,100,pop10,b
1,100,pop10,c
1,200,pop0,a
1,200,pop0,b
1,200,pop0,c
1,200,pop1,a
1,200,pop1,b
1,200,pop1,c
1,200,pop2,a
1,200,pop2,b
1,200,pop2,c
1,200,pop3,a
1,200,pop3,b
1,200,pop3,c
1,200,pop4,b
1,200,pop4,c
1,200,pop5,b
1,200,pop5,c
1,200,pop6,a
1,200,pop6,b
1,200,pop6,c
1,200,pop7,a
1,200,pop7,b
1,200,pop7,c
1,200,pop8,a
1,200,pop8,b
1,200,pop8,c
1,200,pop9,a
1,200,pop9,b
1,200,pop9,c
1,200,pop10,a
1,200,pop10,b
1,200,pop10,c
1,300,pop0,a
1,300,pop0,b
1,300,pop0,c
1,300,pop1,a
1,300,pop1,b
1,300,pop1,c
1,300,pop2,a
1,300,pop2,b
1,300,pop2,c
1,300,pop3,a
1,300,pop3,b
1,300,pop3,c
1,300,pop4,b
1,300,pop4,c
1,300,pop5,b
1,300,pop5,c
1,300,pop6,a
1,300,pop6,b
1,300,pop6,c
1,300,pop7,a
1,300,pop7,b
1,300,pop7,c
1,300,pop8,a
1,300,pop8,b
1,300,pop8,c
1,300,pop9,a
1,300,pop9,b
1,300,pop9,c
1,300,pop10,a
1,300,pop10,b
1,300,pop10,c
1,400,pop0,a
1,400,pop0,b
1,400,pop0,c
1,400,pop1,a
1,400,pop1,b
1,400,pop1,c
1,400,pop2,a
1,400,pop2,b
1,400,pop2,c
1,400,pop3,a
1,400,pop3,b
1,400,pop3,c
1,400,pop4,c
1,400,pop5,b
1,400,pop5,c
1,400,pop6,a
1,400,pop6,b
1,400,pop6,c
1,400,pop7,a
1,400,pop7,b
1,400,pop7,c
1,400,pop8,a
1,400,pop8,b
1,400,pop8,c
1,400,pop9,b
1,400,pop9,c
1,400,pop10,a
1,400,pop10,b
1,400,pop10,c
1,500,pop0,a
1,500,pop0,b
1,500,pop0,c
1,500,pop1,a
1,500,pop1,b
1,500,pop1,c
1,500,pop2,a
1,500,pop2,b
1,500,pop2,c
1,500,pop3,a
1,500,pop3,b
1,500,pop3,c
1,500,pop4,c
1,500,pop5,b
1,500,pop5,c
1,500,pop6,a
1,500,pop6,b
1,500,pop6,c
1,500,pop7,a
1,500,pop7,b
1,500,pop7,c
1,500,pop8,a
1,500,pop8,b
1,500,pop8,c
1,500,pop9,b
1,500,pop9,c
1,500,pop10,a
1,500,pop10,b
1,500,pop10,c
1,600,pop0,a
1,600,pop0,b
1,600,pop0,c
1,600,pop1,a
1,600,pop1,b
1,600,pop1,c
1,600,pop2,a
1,600,pop2,b
1,600,pop2,c
1,600,pop3,a
1,600,pop3,b
1,600,pop3,c
1,600,pop4,c
1,600,pop5,b
1,600,pop5,c
1,600,pop6,a
1,600,pop6,b
1,600,pop6,c
1,600,pop7,a
1,600,pop7,b
1,600,pop7,c
1,600,pop8,a
1,600,pop8,b
1,600,pop8,c
1,600,pop9,b
1,600,pop9,c
1,600,pop10,a
1,600,pop10,b
1,600,pop10,c
1,700,pop0,b
1,700,pop0,c
1,700,pop1,a
1,700,pop1,b
1,700,pop1,c
1,700,pop2,a
1,700,pop2,b
1,700,pop2,c
1,700,pop3,a
1,700,pop3,b
1,700,pop3,c
1,700,pop4,b
1,700,pop4,c
1,700,pop5,b
1,700,pop5,c
1,700,pop6,a
1,700,pop6,b
1,700,pop6,c
1,700,pop7,a
1,700,pop7,b
1,700,pop7,c
1,700,pop8,a
1,700,pop8,b
1,700,pop8,c
1,700,pop9,a
1,700,pop9,b
1,700,pop9,c
1,700,pop10,a
1,700,pop10,b
1,700,pop10,c
1,800,pop0,b
1,800,pop0,c
1,800,pop1,a
1,800,pop1,b
1,800,pop1,c
1,800,pop2,a
1,800,pop2,b
1,800,pop2,c
1,800,pop3,a
1,800,pop3,b
1,800,pop3,c
1,800,pop4,b
1,800,pop4,c
1,800,pop5,b
1,800,pop5,c
1,800,pop6,a
1,800,pop6,b
1,800,pop6,c
1,800,pop7,a
1,800,pop7,b
1,800,pop7,c
1,800,pop8,a
1,800,pop8,b
1,800,pop8,c
1,800,pop9,a
1,800,pop9,b
1,800,pop9,c
1,800,pop10,a
1,800,pop10,b
1,800,pop10,c
1,900,pop0,a
1,900,pop0,b
1,900,pop0,c
1,900,pop1,a
1,900,pop1,b
1,900,pop1,c
1,900,pop2,a
1,900,pop2,b
1,900,pop2,c
1,900,pop3,a
1,900,pop3,b
1,900,pop3,c
1,900,pop4,b
1,900,pop4,c
1,900,pop5,b
1,900,pop5,c
1,900,pop6,a
1,900,pop6,b
1,900,pop6,c
1,900,pop7,a
1,900,pop7,b
1,900,pop7,c
1,900,pop8,a
1,900,pop8,b
1,900,pop8,c
1,900,pop9,b
1,900,pop9,c
1,900,pop10,a
1,900,pop10,b
1,900,pop10,c
1,1000,pop0,a
1,1000,pop0,b
1,1000,pop0,c
1,1000,pop1,a
1,1000,pop1,b
1,1000,pop1,c
1,1000,pop2,a
1,1000,pop2,b
1,1000,pop2,c
1,1000,pop3,a
1,1000,pop3,b
1,1000,pop3,c
1,1000,pop4,b
1,1000,pop4,c
1,1000,pop5,b
1,1000,pop5,c
1,1000,pop6,a
1,1000,pop6,b
1,1000,pop6,c
1,1000,pop7,a
1,1000,pop7,b
1,1000,pop7,c
1,1000,pop8,a
1,1000,pop8,b
1,1000,pop8,c
1,1000,pop9,a
1,1000,pop9,b
1,1000,pop9,c
1,1000,pop10,a
1,1000,pop10,b
1,1000,pop10,c
1,1100,pop0,b
1,1100,pop0,c
1,1100,pop1,a
1,1100,pop1,b
1,1100,pop1,c
1,1100,pop2,a
1,1100,pop2,b
1,1100,pop2,c
1,1100,pop3,a
1,1100,pop3,b
1,1100,pop3,c
1,1100,pop4,b
1,1100,pop4,c
1,1100,pop5,b
1,1100,pop5,c
1,1100,pop6,a
1,1100,pop6,b
1,1100,pop6,c
1,1100,pop7,a
1,1100,pop7,b
1,1100,pop7,c
1,1100,pop8,a
1,1100,pop8,b
1,1100,pop8,c
1,1100,pop9,a
1,1100,pop9,b
1,1100,pop9,c
1,1100,pop10,a
1,1100,pop10,b
1,1100,pop10,c
1,1200,pop0,a
1,1200,pop0,b
1,1200,pop1,a
1,1200,pop1,b
1,1200,pop1,c
1,1200,pop2,a
1,1200,pop2,b
1,1200,pop2,c
1,1200,pop3,a
1,1200,pop3,b
1,1200,pop3,c
1,1200,pop4,b
1,1200,pop4,c
1,1200,pop5,b
1,1200,pop5,c
1,1200,pop6,a
1,1200,pop6,b
1,1200,pop6,c
1,1200,pop7,a
1,1200,pop7,b
1,1200,pop7,c
1,1200,pop8,a
1,1200,pop8,b
1,1200,pop8,c
1,1200,pop9,a
1,1200,pop9,b
1,1200,pop9,c
1,1200,pop10,a
1,1200,pop10,b
1,1200,pop10,c
1,1300,pop0,a
1,1300,pop0,b
1,1300,pop0,c
1,1300,pop1,a
1,1300,pop1,b
1,1300,pop1,c
1,1300,pop2,a
1,1300,pop2,b
1,1300,pop2,c
1,1300,pop3,a
1,1300,pop3,b
1,1300,pop3,c
1,1300,pop4,b
1,1300,pop4,c
1,1300,pop5,b
1,1300,pop5,c
1,1300,pop6,a
1,1300,pop6,b
1,1300,pop6,c
1,1300,pop7,a
1,1300,pop7,b
1,1300,pop7,c
1,1300,pop8,a
1,1300,pop8,b
1,1300,pop8,c
1,1300,pop9,a
1,1300,pop9,b
1,1300,pop9,c
1,1300,pop10,a
1,1300,pop10,b
1,1300,pop10,c
1,1400,pop0,a
1,1400,pop0,b
1,1400,pop0,c
1,1400,pop1,a
1,1400,pop1,b
1,1400,pop1,c
1,1400,pop2,a
1,1400,pop2,b
1,1400,pop2,c
1,1400,pop3,a
1,1400,pop3,b
1,1400,pop3,c
1,1400,pop4,b
1,1400,pop4,c
1,1400,pop5,b
1,1400,pop5,c
1,1400,pop6,a
1,1400,pop6,b
1,1400,pop6,c
1,1400,pop7,a
1,1400,pop7,b
1,1400,pop7,c
1,1400,pop8,a
1,1400,pop8,b
1,1400,pop8,c
1,1400,pop9,a
1,1400,pop9,b
1,1400,pop9,c
1,1400,pop10,a
1,1400,pop10,b
1,1400,pop10,c
1,1500,pop0,a
1,1500,pop0,b
1,1500,pop0,c
1,1500,pop1,a
1,1500,pop1,b
1,1500,pop1,c
1,1500,pop2,a
1,1500,pop2,b
1,1500,pop2,c
1,1500,pop3,a
1,1500,pop3,b
1,1500,pop3,c
1,1500,pop4,b
1,1500,pop4,c
1,1500,pop5,b
1,1500,pop5,c
1,1500,pop6,a
1,1500,pop6,b
1,1500,pop6,c
1,1500,pop7,a
1,1500,pop7,b
1,1500,pop7,c
1,1500,pop8,a
1,1500,pop8,b
1,1500,pop8,c
1,1500,pop9,b
1,1500,pop9,c
1,1500,pop10,a
1,1500,pop10,b
1,1500,pop10,c
1,1600,pop0,a
1,1600,pop0,b
1,1600,pop1,a
1,1600,pop1,b
1,1600,pop1,c
1,1600,pop2,a
1,1600,pop2,b
1,1600,pop2,c
1,1600,pop3,a
1,1600,pop3,b
1,1600,pop3,c
1,1600,pop4,a
1,1600,pop4,b
1,1600,pop4,c
1,1600,pop5,b
1,1600,pop5,c
1,1600,pop6,a
1,1600,pop6,b
1,1600,pop6,c
1,1600,pop7,a
1,1600,pop7,b
1,1600,pop7,c
1,1600,pop8,a
1,1600,pop8,c
1,1600,pop9,b
1,1600,pop9,c
1,1600,pop10,a
1,1600,pop10,b
1,1600,pop10,c
1,1700,pop0,a
1,1700,pop0,b
1,1700,pop0,c
1,1700,pop1,a
1,1700,pop1,b
1,1700,pop1,c
1,1700,pop2,a
1,1700,pop2,b
1,1700,pop2,c
1,1700,pop3,a
1,1700,pop3,b
1,1700,pop3,c
1,1700,pop4,b
1,1700,pop4,c
1,1700,pop5,b
1,1700,pop5,c
1,1700,pop6,a
1,1700,pop6,b
1,1700,pop6,c
1,1700,pop7,a
1,1700,pop7,b
1,1700,pop7,c
1,1700,pop8,a
1,1700,pop8,b
1,1700,pop8,c
1,1700,pop9,a
1,1700,pop9,b
1,1700,pop9,c
1,1700,pop10,a
1,1700,pop10,b
1,1700,pop10,c
1,1800,pop0,a
1,1800,pop0,b
1,1800,pop0,c
1,1800,pop1,a
1,1800,pop1,b
1,1800,pop1,c
1,1800,pop2,a
1,1800,pop2,b
1,1800,pop2,c
1,1800,pop3,a
1,1800,pop3,b
1,1800,pop3,c
1,1800,pop4,c
1,1800,pop5,b
1,1800,pop5,c
1,1800,pop6,a
1,1800,pop6,b
1,1800,pop6,c
1,1800,pop7,a
1,1800,pop7,b
1,1800,pop7,c
1,1800,pop8,a
1,1800,pop8,b
1,1800,pop8,c
1,1800,pop9,b
1,1800,pop9,c
1,1800,pop10,a
1,1800,pop10,b
1,1800,pop10,c
1,1900,pop0,b
1,1900,pop0,c
1,1900,pop1,a
1,1900,pop1,b
1,1900,pop1,c
1,1900,pop2,a
1,1900,pop2,b
1,1900,pop2,c
1,1900,pop3,a
1,1900,pop3,b
1,1900,pop3,c
1,1900,pop4,b
1,1900,pop4,c
1,1900,pop5,b
1,1900,pop5,c
1,1900,pop6,a
1,1900,pop6,b
1,1900,pop6,c
1,1900,pop7,a
1,1900,pop7,b
1,1900,pop7,c
1,1900,pop8,a
1,1900,pop8,b
1,1900,pop8,c
1,1900,pop9,a
1,1900,pop9,b
1,1900,pop9,c
1,1900,pop10,a
1,1900,pop10,b
1,1900,pop10,c
1,2000,pop0,a
1,2000,pop0,b
1,2000,pop0,c
1,2000,pop1,a
1,2000,pop1,b
1,2000,pop1,c
1,2000,pop2,a
1,2000,pop2,b
1,2000,pop2,c
1,2000,pop3,a
1,2000,pop3,b
1,2000,pop3,c
1,2000,pop4,c
1,2000,pop5,b
1,2000,pop5,c
1,2000,pop6,a
1,2000,pop6,b
1,2000,pop6,c
1,2000,pop7,a
1,2000,pop7,b
1,2000,pop7,c
1,2000,pop8,a
1,2000,pop8,b
1,2000,pop8,c
1,2000,pop9,b
1,2000,pop9,c
1,2000,pop10,a
1,2000,pop10,b
1,2000,pop10,c
1,2100,pop0,a
1,2100,pop0,b
1,2100,pop0,c
1,2100,pop1,a
1,2100,pop1,b
1,2100,pop1,c
1,2100,pop2,a
1,2100,pop2,b
1,2100,pop2,c
1,2100,pop3,a
1,2100,pop3,b
1,2100,pop3,c
1,2100,pop4,a
1,2100,pop4,c
1,2100,pop5,b
1,2100,pop5,c
1,2100,pop6,a
1,2100,pop6,b
1,2100,pop6,c
1,2100,pop7,a
1,2100,pop7,b
1,2100,pop7,c
1,2100,pop8,a
1,2100,pop8,b
1,2100,pop8,c
1,2100,pop9,b
1,2100,pop9,c
1,2100,pop10,a
1,2100,pop10,b
1,2100,pop10,c
1,2200,pop0,a
1,2200,pop0,b
1,2200,pop0,c
1,2200,pop1,a
1,2200,pop1,b
1,2200,pop1,c
1,2200,pop2,a
1,2200,pop2,b
1,2200,pop2,c
1,2200,pop3,b
1,2200,pop3,c
1,2200,pop4,b
1,2200,pop4,c
1,2200,pop5,b
1,2200,pop5,c
1,2200,pop6,a
1,2200,pop6,b
1,2200,pop6,c
1,2200,pop7,a
1,2200,pop7,b
1,2200,pop7,c
1,2200,pop8,a
1,2200,pop8,b
1,2200,pop8,c
1,2200,pop9,a
1,2200,pop9,b
1,2200,pop9,c
1,2200,pop10,a
1,2200,pop10,b
1,2200,pop10,c
1,2300,pop0,a
1,2300,pop0,b
1,2300,pop0,c
1,2300,pop1,a
1,2300,pop1,b
1,2300,pop1,c
1,2300,pop2,a
1,2300,pop2,b
1,2300,pop2,c
1,2300,pop3,a
1,2300,pop3,b
1,2300,pop3,c
1,2300,pop4,a
1,2300,pop4,b
1,2300,pop4,c
1,2300,pop5,b
1,2300,pop5,c
1,2300,pop6,a
1,2300,pop6,b
1,2300,pop6,c
1,2300,pop7,a
1,2300,pop7,b
1,2300,pop7,c
1,2300,pop8,a
1,2300,pop8,b
1,2300,pop8,c
1,2300,pop9,b
1,2300,pop9,c
1,2300,pop10,a
1,2300,pop10,b
1,2300,pop10,c
1,2400,pop0,a
1,2400,pop0,b
1,2400,pop0,c
1,2400,pop1,a
1,2400,pop1,b
1,2400,pop1,c
1,2400,pop2,a
1,2400,pop2,b
1,2400,pop2,c
1,2400,pop3,a
1,2400,pop3,b
1,2400,pop3,c
1,2400,pop4,b
1,2400,pop4,c
1,2400,pop5,b
1,2400,pop5,c
1,2400,pop6,a
1,2400,pop6,b
1,2400,pop6,c
1,2400,pop7,a
1,2400,pop7,b
1,2400,pop7,c
1,2400,pop8,a
1,2400,pop8,b
1,2400,pop8,c
1,2400,pop9,a
1,2400,pop9,b
1,2400,pop9,c
1,2400,pop10,a
1,2400,pop10,b
1,2400,pop10,c
1,2500,pop0,a
1,2500,pop0,b
1,2500,pop0,c
1,2500,pop1,a
1,2500,pop1,b
1,2500,pop1,c
1,2500,pop2,a
1,2500,pop2,b
1,2500,pop2,c
1,2500,pop3,a
1,2500,pop3,b
1,2500,pop3,c
1,2500,pop4,b
1,2500,pop4,c
1,2500,pop5,b
1,2500,pop5,c
1,2500,pop6,a
1,2500,pop6,b
1,2500,pop6,c
1,2500,pop7,a
1,2500,pop7,b
1,2500,pop7,c
1,2500,pop8,a
1,2500,pop8,b
1,2500,pop8,c
1,2500,pop9,a
1,2500,pop9,b
1,2500,pop9,c
1,2500,pop10,a
1,2500,pop10,b
1,2500,pop10,c
1,2600,pop0,a
1,2600,pop0,b
1,2600,pop0,c
1,2600,pop1,a
1,2600,pop1,b
1,2600,pop1,c
1,2600,pop2,a
1,2600,pop2,b
1,2600,pop2,c
1,2600,pop3,a
1,2600,pop3,b
1,2600,pop3,c
1,2600,pop4,c
1,2600,pop5,b
1,2600,pop5,c
1,2600,pop6,a
1,2600,pop6,b
1,2600,pop6,c
1,2600,pop7,a
1,2600,pop7,b
1,2600,pop7,c
1,2600,pop8,a
1,2600,pop8,b
1,2600,pop8,c
1,2600,pop9,b
1,2600,pop9,c
1,2600,pop10,a
1,2600,pop10,b
1,2600,pop10,c
1,2700,pop0,a
1,2700,pop0,b
1,2700,pop0,c
1,2700,pop1,a
1,2700,pop1,b
1,2700,pop1,c
1,2700,pop2,a
1,2700,pop2,b
1,2700,pop2,c
1,2700,pop3,a
1,2700,pop3,b
1,2700,pop3,c
1,2700,pop4,c
1,2700,pop5,b
1,2700,pop5,c
1,2700,pop6,a
1,2700,pop6,b
1,2700,pop6,c
1,2700,pop7,a
1,2700,pop7,b
1,2700,pop7,c
1,2700,pop8,a
1,2700,pop8,b
1,2700,pop8,c
1,2700,pop9,b
1,2700,pop9,c
1,2700,pop10,a
1,2700,pop10,b
1,2700,pop10,c
1,2800,pop0,a
1,2800,pop0,b
1,2800,pop0,c
1,2800,pop1,a
1,2800,pop1,b
1,2800,pop1,c
1,2800,pop2,a
1,2800,pop2,b
1,2800,pop2,c
1,2800,pop3,a
1,2800,pop3,b
1,2800,pop3,c
1,2800,pop4,a
1,2800,pop4,c
1,2800,pop5,b
1,2800,pop5,c
1,2800,pop6,a
1,2800,pop6,b
1,2800,pop6,c
1,2800,pop7,a
1,2800,pop7,b
1,2800,pop7,c
1,2800,pop8,a
1,2800,pop8,c
1,2800,pop9,b
1,2800,pop9,c
1,2800,pop10,b
1,2800,pop10,c
1,2900,pop0,a
1,2900,pop0,b
1,2900,pop0,c
1,2900,pop1,a
1,2900,pop1,b
1,2900,pop1,c
1,2900,pop2,a
1,2900,pop2,b
1,2900,pop2,c
1,2900,pop3,a
1,2900,pop3,b
1,2900,pop3,c
1,2900,pop4,b
1,2900,pop4,c
1,2900,pop5,b
1,2900,pop5,c
1,2900,pop6,a
1,2900,pop6,b
1,2900,pop6,c
1,2900,pop7,a
1,2900,pop7,b
1,2900,pop7,c
1,2900,pop8,a
1,2900,pop8,b
1,2900,pop8,c
1,2900,pop9,a
1,2900,pop9,b
1,2900,pop9,c
1,2900,pop10,a
1,2900,pop10,b
1,2900,pop10,c
1,3000,pop0,a
1,3000,pop0,b
1,3000,pop0,c
1,3000,pop1,a
1,3000,pop1,b
1,3000,pop1,c
1,3000,pop2,a
1,3000,pop2,b
1,3000,pop2,c
1,3000,pop3,a
1,3000,pop3,b
1,3000,pop3,c
1,3000,pop4,b
1,3000,pop4,c
1,3000,pop5,b
1,3000,pop5,c
1,3000,pop6,a
1,3000,pop6,b
1,3000,pop6,c
1,3000,pop7,a
1,3000,pop7,b
1,3000,pop7,c
1,3000,pop8,a
1,3000,pop8,b
1,3000,pop8,c
1,3000,pop9,a
1,3000,pop9,b
1,3000,pop9,c
1,3000,pop10,a
1,3000,pop10,b
1,3000,pop10,c
1,3100,pop0,a
1,3100,pop0,b
1,3100,pop0,c
1,3100,pop1,a
1,3100,pop1,b
1,3100,pop1,c
1,3100,pop2,a
1,3100,pop2,b
1,3100,pop2,c
1,3100,pop3,a
1,3100,pop3,b
1,3100,pop3,c
1,3100,pop4,b
1,3100,pop4,c
1,3100,pop5,b
1,3100,pop5,c
1,3100,pop6,a
1,3100,pop6,b
1,3100,pop6,c
1,3100,pop7,a
1,3100,pop7,b
1,3100,pop7,c
1,3100,pop8,a
1,3100,pop8,b
1,3100,pop8,c
1,3100,pop9,a
1,3100,pop9,b
1,3100,pop9,c
1,3100,pop10,a
1,3100,pop10,b
1,3100,pop10,c
1,3200,pop0,a
1,3200,pop0,b
1,3200,pop1,a
1,3200,pop1,b
1,3200,pop1,c
1,3200,pop2,a
1,3200,pop2,b
1,3200,pop2,c
1,3200,pop3,a
1,3200,pop3,b
1,3200,pop3,c
1,3200,pop4,b
1,3200,pop4,c
1,3200,pop5,b
1,3200,pop5,c
1,3200,pop6,a
1,3200,pop6,b
1,3200,pop6,c
1,3200,pop7,a
1,3200,pop7,b
1,3200,pop7,c
1,3200,pop8,a
1,3200,pop8,b
1,3200,pop8,c
1,3200,pop9,a
1,3200,pop9,b
1,3200,pop9,c
1,3200,pop10,a
1,3200,pop10,b
1,3200,pop10,c
1,3300,pop0,a
1,3300,pop0,b
1,3300,pop0,c
1,3300,pop1,a
1,3300,pop1,b
1,3300,pop1,c
1,3300,pop2,a
1,3300,pop2,b
1,3300,pop2,c
1,3300,pop3,a
1,3300,pop3,b
1,3300,pop3,c
1,3300,pop4,b
1,3300,pop4,c
1,3300,pop5,b
1,3300,pop5,c
1,3300,pop6,a
1,3300,pop6,b
1,3300,pop6,c
1,3300,pop7,a
1,3300,pop7,b
1,3300,pop7,c
1,3300,pop8,a
1,3300,pop8,b
1,3300,pop8,c
1,3300,pop9,a
1,3300,pop9,b
1,3300,pop9,c
1,3300,pop10,a
1,3300,pop10,b
1,3300,pop10,c
1,3400,pop0,a
1,3400,pop0,b
1,3400,pop0,c
1,3400,pop1,a
1,3400,pop1,b
1,3400,pop1,c
1,3400,pop2,a
1,3400,pop2,b
1,3400,pop2,c
1,3400,pop3,a
1,3400,pop3,b
1,3400,pop3,c
1,3400,pop4,c
1,3400,pop5,b
1,3400,pop5,c
1,3400,pop6,a
1,3400,pop6,b
1,3400,pop6,c
1,3400,pop7,a
1,3400,pop7,b
1,3400,pop7,c
1,3400,pop8,a
1,3400,pop8,b
1,3400,pop8,c
1,3400,pop9,b
1,3400,pop9,c
1,3400,pop10,a
1,3400,pop10,b
1,3400,pop10,c
1,3500,pop0,a
1,3500,pop0,b
1,3500,pop0,c
1,3500,pop1,a
1,3500,pop1,b
1,3500,pop1,c
1,3500,pop2,a
1,3500,pop2,b
1,3500,pop2,c
1,3500,pop3,a
1,3500,pop3,b
1,3500,pop3,c
1,3500,pop4,c
1,3500,pop5,b
1,3500,pop5,c
1,3500,pop6,a
1,3500,pop6,b
1,3500,pop6,c
1,3500,pop7,a
1,3500,pop7,b
1,3500,pop7,c
1,3500,pop8,a
1,3500,pop8,b
1,3500,pop8,c
1,3500,pop9,b
1,3500,pop9,c
1,3500,pop10,a
1,3500,pop10,b
1,3500,pop10,c
1,3600,pop0,a
1,3600,pop0,b
1,3600,pop0,c
1,3600,pop1,a
1,3600,pop1,b
1,3600,pop1,c
1,3600,pop2,a
1,3600,pop2,b
1,3600,pop2,c
1,3600,pop3,a
1,3600,pop3,b
1,3600,pop3,c
1,3600,pop4,b
1,3600,pop4,c
1,3600,pop5,b
1,3600,pop5,c
1,3600,pop6,a
1,3600,pop6,b
1,3600,pop6,c
1,3600,pop7,a
1,3600,pop7,b
1,3600,pop7,c
1,3600,pop8,a
1,3600,pop8,b
1,3600,pop8,c
1,3600,pop9,b
1,3600,pop9,c
1,3600,pop10,a
1,3600,pop10,b
1,3600,pop10,c
1,3700,pop0,a
1,3700,pop0,b
1,3700,pop0,c
1,3700,pop1,a
1,3700,pop1,b
1,3700,pop1,c
1,3700,pop2,a
1,3700,pop2,b
1,3700,pop2,c
1,3700,pop3,a
1,3700,pop3,b
1,3700,pop3,c
1,3700,pop4,b
1,3700,pop4,c
1,3700,pop5,b
1,3700,pop5,c
1,3700,pop6,a
1,3700,pop6,b
1,3700,pop6,c
1,3700,pop7,a
1,3700,pop7,b
1,3700,pop7,c
1,3700,pop8,a
1,3700,pop8,b
1,3700,pop8,c
1,3700,pop9,a
1,3700,pop9,b
1,3700,pop9,c
1,3700,pop10,a
1,3700,pop10,b
1,3700,pop10,c
1,3800,pop0,a
1,3800,pop0,b
1,3800,pop0,c
1,3800,pop1,a
1,3800,pop1,b
1,3800,pop1,c
1,3800,pop2,a
1,3800,pop2,b
1,3800,pop2,c
1,3800,pop3,a
1,3800,pop3,b
1,3800,pop3,c
1,3800,pop4,b
1,3800,pop4,c
1,3800,pop5,b
1,3800,pop5,c
1,3800,pop6,a
1,3800,pop6,b
1,3800,pop6,c
1,3800,pop7,a
1,3800,pop7,b
1,3800,pop7,c
1,3800,pop8,a
1,3800,pop8,b
1,3800,pop8,c
1,3800,pop9,a
1,3800,pop9,b
1,3800,pop9,c
1,3800,pop10,a
1,3800,pop10,b
1,3800,pop10,c
1,3900,pop0,a
1,3900,pop0,b
1,3900,pop0,c
1,3900,pop1,a
1,3900,pop1,b
1,3900,pop1,c
1,3900,pop2,a
1,3900,pop2,b
1,3900,pop2,c
1,3900,pop3,a
1,3900,pop3,b
1,3900,pop3,c
1,3900,pop4,c
1,3900,pop5,b
1,3900,pop5,c
1,3900,pop6,a
1,3900,pop6,b
1,3900,pop6,c
1,3900,pop7,a
1,3900,pop7,b
1,3900,pop7,c
1,3900,pop8,a
1,3900,pop8,b
1,3900,pop8,c
1,3900,pop9,b
1,3900,pop9,c
1,3900,pop10,a
1,3900,pop10,b
1,3900,pop10,c
1,4000,pop0,a
1,4000,pop0,b
1,4000,pop0,c
1,4000,pop1,a
1,4000,pop1,b
1,4000,pop1,c
1,4000,pop2,a
1,4000,pop2,b
1,4000,pop2,c
1,4000,pop3,a
1,4000,pop3,b
1,4000,pop3,c
1,4000,pop4,b
1,4000,pop4,c
1,4000,pop5,b
1,4000,pop5,c
1,4000,pop6,a
1,4000,pop6,b
1,4000,pop6,c
1,4000,pop7,a
1,4000,pop7,b
1,4000,pop7,c
1,4000,pop8,a
1,4000,pop8,b
1,4000,pop8,c
1,4000,pop9,a
1,4000,pop9,b
1,4000,pop9,c
1,4000,pop10,a
1,4000,pop10,b
1,4000,pop10,c
1,4100,pop0,a
1,4100,pop0,b
1,4100,pop0,c
1,4100,pop1,a
1,4100,pop1,b
1,4100,pop1,c
1,4100,pop2,a
1,4100,pop2,b
1,4100,pop2,c
1,4100,pop3,a
1,4100,pop3,b
1,4100,pop3,c
1,4100,pop4,b
1,4100,pop4,c
1,4100,pop5,b
1,4100,pop5,c
1,4100,pop6,a
1,4100,pop6,b
1,4100,pop6,c
1,4100,pop7,a
1,4100,pop7,b
1,4100,pop7,c
1,4100,pop8,a
1,4100,pop8,b
1,4100,pop8,c
1,4100,pop9,a
1,4100,pop9,b
1,4100,pop9,c
1,4100,pop10,a
1,4100,pop10,b
1,4100,pop10,c
1,4200,pop0,a
1,4200,pop0,b
1,4200,pop0,c
1,4200,pop1,a
1,4200,pop1,b
1,4200,pop1,c
1,4200,pop2,a
1,4200,pop2,b
1,4200,pop2,c
1,4200,pop3,a
1,4200,pop3,b
1,4200,pop3,c
1,4200,pop4,c
1,4200,pop5,b
1,4200,pop5,c
1,4200,pop6,a
1,4200,pop6,b
1,4200,pop6,c
1,4200,pop7,a
1,4200,pop7,b
1,4200,pop7,c
1,4200,pop8,a
1,4200,pop8,b
1,4200,pop8,c
1,4200,pop9,b
1,4200,pop9,c
1,4200,pop10,a
1,4200,pop10,b
1,4200,pop10,c
1,4300,pop0,a
1,4300,pop0,b
1,4300,pop0,c
1,4300,pop1,a
1,4300,pop1,b
1,4300,pop1,c
1,4300,pop2,a
1,4300,pop2,b
1,4300,pop2,c
1,4300,pop3,a
1,4300,pop3,b
1,4300,pop3,c
1,4300,pop4,b
1,4300,pop4,c
1,4300,pop5,b
1,4300,pop5,c
1,4300,pop6,a
1,4300,pop6,b
1,4300,pop6,c
1,4300,pop7,a
1,4300,pop7,b
1,4300,pop7,c
1,4300,pop8,a
1,4300,pop8,b
1,4300,pop8,c
1,4300,pop9,a
1,4300,pop9,b
1,4300,pop9,c
1,4300,pop10,a
1,4300,pop10,b
1,4300,pop10,c
1,4400,pop0,a
1,4400,pop0,b
1,4400,pop0,c
1,4400,pop1,a
1,4400,pop1,b
1,4400,pop1,c
1,4400,pop2,a
1,4400,pop2,b
1,4400,pop2,c
1,4400,pop3,a
1,4400,pop3,b
1,4400,pop3,c
1,4400,pop4,c
1,4400,pop5,b
1,4400,pop5,c
1,4400,pop6,a
1,4400,pop6,b
1,4400,pop6,c
1,4400,pop7,a
1,4400,pop7,b
1,4400,pop7,c
1,4400,pop8,a
1,4400,pop8,b
1,4400,pop8,c
1,4400,pop9,b
1,4400,pop9,c
1,4400,pop10,a
1,4400,pop10,b
1,4400,pop10,c
1,4500,pop0,a
1,4500,pop0,b
1,4500,pop1,a
1,4500,pop1,b
1,4500,pop1,c
1,4500,pop2,a
1,4500,pop2,b
1,4500,pop2,c
1,4500,pop3,a
1,4500,pop3,b
1,4500,pop3,c
1,4500,pop4,b
1,4500,pop4,c
1,4500,pop5,b
1,4500,pop5,c
1,4500,pop6,a
1,4500,pop6,b
1,4500,pop6,c
1,4500,pop7,a
1,4500,pop7,b
1,4500,pop7,c
1,4500,pop8,a
1,4500,pop8,b
1,4500,pop8,c
1,4500,pop9,b
1,4500,pop9,c
1,4500,pop10,a
1,4500,pop10,b
1,4500,pop10,c
1,4600,pop0,a
1,4600,pop0,b
1,4600,pop0,c
1,4600,pop1,a
1,4600,pop1,b
1,4600,pop1,c
1,4600,pop2,a
1,4600,pop2,b
1,4600,pop2,c
1,4600,pop3,a
1,4600,pop3,b
1,4600,pop3,c
1,4600,pop4,b
1,4600,pop4,c
1,4600,pop5,b
1,4600,pop5,c
1,4600,pop6,a
1,4600,pop6,b
1,4600,pop6,c
1,4600,pop7,a
1,4600,pop7,b
1,4600,pop7,c
1,4600,pop8,a
1,4600,pop8,b
1,4600,pop8,c
1,4600,pop9,a
1,4600,pop9,b
1,4600,pop9,c
1,4600,pop10,a
1,4600,pop10,b
1,4600,pop10,c
1,4700,pop0,a
1,4700,pop0,b
1,4700,pop0,c
1,4700,pop1,a
1,4700,pop1,b
1,4700,pop1,c
1,4700,pop2,a
1,4700,pop2,b
1,4700,pop2,c
1,4700,pop3,a
1,4700,pop3,b
1,4700,pop3,c
1,4700,pop4,c
1,4700,pop5,b
1,4700,pop5,c
1,4700,pop6,a
1,4700,pop6,b
1,4700,pop6,c
1,4700,pop7,a
1,4700,pop7,b
1,4700,pop7,c
1,4700,pop8,a
1,4700,pop8,b
1,4700,pop8,c
1,4700,pop9,b
1,4700,pop9,c
1,4700,pop10,a
1,4700,pop10,b
1,4700,pop10,c
1,4800,pop0,a
1,4800,pop0,b
1,4800,pop0,c
1,4800,pop1,a
1,4800,pop1,b
1,4800,pop1,c
1,4800,pop2,a
1,4800,pop2,b
1,4800,pop2,c
1,4800,pop3,a
1,4800,pop3,b
1,4800,pop3,c
1,4800,pop4,c
1,4800,pop5,b
1,4800,pop5,c
1,4800,pop6,a
1,4800,pop6,b
1,4800,pop6,c
1,4800,pop7,a
1,4800,pop7,b
1,4800,pop7,c
1,4800,pop8,a
1,4800,pop8,b
1,4800,pop8,c
1,4800,pop9,b
1,4800,pop9,c
1,4800,pop10,a
1,4800,pop10,b
1,4800,pop10,c
1,4900,pop0,b
1,4900,pop0,c
1,4900,pop1,a
1,4900,pop1,b
1,4900,pop1,c
1,4900,pop2,a
1,4900,pop2,b
1,4900,pop2,c
1,4900,pop3,a
1,4900,pop3,b
1,4900,pop3,c
1,4900,pop4,b
1,4900,pop4,c
1,4900,pop5,b
1,4900,pop5,c
1,4900,pop6,a
1,4900,pop6,b
1,4900,pop6,c
1,4900,pop7,a
1,4900,pop7,b
1,4900,pop7,c
1,4900,pop8,a
1,4900,pop8,b
1,4900,pop8,c
1,4900,pop9,a
1,4900,pop9,b
1,4900,pop9,c
1,4900,pop10,a
1,4900,pop10,b
1,4900,pop10,c
1,5000,pop0,a
1,5000,pop0,b
1,5000,pop0,c
1,5000,pop1,a
1,5000,pop1,b
1,5000,pop1,c
1,5000,pop2,a
1,5000,pop2,b
1,5000,pop2,c
1,5000,pop3,a
1,5000,pop3,b
1,5000,pop3,c
1,5000,pop4,b
1,5000,pop4,c
1,5000,pop5,b
1,5000,pop5,c
1,5000,pop6,a
1,5000,pop6,b
1,5000,pop6,c
1,5000,pop7,a
1,5000,pop7,b
1,5000,pop7,c
1,5000,pop8,a
1,5000,pop8,b
1,5000,pop8,c
1,5000,pop9,a
1,5000,pop9,b
1,5000,pop9,c
1,5000,pop10,a
1,5000,pop10,b
1,5000,pop10,c
1,5100,pop0,a
1,5100,pop0,b
1,5100,pop0,c
1,5100,pop1,a
1,5100,pop1,b
1,5100,pop1,c
1,5100,pop2,a
1,5100,pop2,b
1,5100,pop2,c
1,5100,pop3,a
1,5100,pop3,b
1,5100,pop3,c
1,5100,pop4,b
1,5100,pop4,c
1,5100,pop5,b
1,5100,pop5,c
1,5100,pop6,a
1,5100,pop6,b
1,5100,pop6,c
1,5100,pop7,a
1,5100,pop7,b
1,5100,pop7,c
1,5100,pop8,a
1,5100,pop8,b
1,5100,pop8,c
1,5100,pop9,a
1,5100,pop9,b
1,5100,pop9,c
1,5100,pop10,a
1,5100,pop10,b
1,5100,pop10,c
1,5200,pop0,a
1,5200,pop0,b
1,5200,pop0,c
1,5200,pop1,a
1,5200,pop1,b
1,5200,pop1,c
1,5200,pop2,a
1,5200,pop2,b
1,5200,pop2,c
1,5200,pop3,a
1,5200,pop3,b
1,5200,pop3,c
1,5200,pop4,b
1,5200,pop4,c
1,5200,pop5,b
1,5200,pop5,c
1,5200,pop6,a
1,5200,pop6,b
1,5200,pop6,c
1,5200,pop7,a
1,5200,pop7,b
1,5200,pop7,c
1,5200,pop8,a
1,5200,pop8,b
1,5200,pop8,c
1,5200,pop9,a
1,5200,pop9,b
1,5200,pop9,c
1,5200,pop10,a
1,5200,pop10,b
1,5200,pop10,c
1,5300,pop0,b
1,5300,pop1,a
1,5300,pop1,b
1,5300,pop1,c
1,5300,pop2,a
1,5300,pop2,b
1,5300,pop2,c
1,5300,pop3,a
1,5300,pop3,b
1,5300,pop3,c
1,5300,pop4,b
1,5300,pop4,c
1,5300,pop5,b
1,5300,pop5,c
1,5300,pop6,a
1,5300,pop6,b
1,5300,pop6,c
1,5300,pop7,a
1,5300,pop7,b
1,5300,pop7,c
1,5300,pop8,a
1,5300,pop8,b
1,5300,pop8,c
1,5300,pop9,a
1,5300,pop9,b
1,5300,pop9,c
1,5300,pop10,a
1,5300,pop10,b
1,5300,pop10,c
1,5400,pop0,a
1,5400,pop0,b
1,5400,pop0,c
1,5400,pop1,a
1,5400,pop1,b
1,5400,pop1,c
1,5400,pop2,a
1,5400,pop2,b
1,5400,pop2,c
1,5400,pop3,a
1,5400,pop3,b
1,5400,pop3,c
1,5400,pop4,b
1,5400,pop4,c
1,5400,pop5,b
1,5400,pop5,c
1,5400,pop6,a
1,5400,pop6,b
1,5400,pop6,c
1,5400,pop7,a
1,5400,pop7,b
1,5400,pop7,c
1,5400,pop8,a
1,5400,pop8,b
1,5400,pop8,c
1,5400,pop9,a
1,5400,pop9,b
1,5400,pop9,c
1,5400,pop10,a
1,5400,pop10,b
1,5400,pop10,c
1,5500,pop0,a
1,5500,pop0,b
1,5500,pop0,c
1,5500,pop1,a
1,5500,pop1,b
1,5500,pop1,c
1,5500,pop2,a
1,5500,pop2,b
1,5500,pop2,c
1,5500,pop3,a
1,5500,pop3,b
1,5500,pop3,c
1,5500,pop4,b
1,5500,pop4,c
1,5500,pop5,b
1,5500,pop5,c
1,5500,pop6,a
1,5500,pop6,b
1,5500,pop6,c
1,5500,pop7,a
1,5500,pop7,b
1,5500,pop7,c
1,5500,pop8,a
1,5500,pop8,b
1,5500,pop8,c
1,5500,pop9,a
1,5500,pop9,b
1,5500,pop9,c
1,5500,pop10,a
1,5500,pop10,b
1,5500,pop10,c
1,5600,pop0,a
1,5600,pop0,b
1,5600,pop0,c
1,5600,pop1,a
1,5600,pop1,b
1,5600,pop1,c
1,5600,pop2,a
1,5600,pop2,b
1,5600,pop2,c
1,5600,pop3,a
1,5600,pop3,b
1,5600,pop3,c
1,5600,pop4,b
1,5600,pop4,c
1,5600,pop5,b
1,5600,pop5,c
1,5600,pop6,a
1,5600,pop6,b
1,5600,pop6,c
1,5600,pop7,a
1,5600,pop7,b
1,5600,pop7,c
1,5600,pop8,a
1,5600,pop8,b
1,5600,pop8,c
1,5600,pop9,a
1,5600,pop9,b
1,5600,pop9,c
1,5600,pop10,a
1,5600,pop10,b
1,5600,pop10,c
1,5700,pop0,a
1,5700,pop0,b
1,5700,pop0,c
1,5700,pop1,a
1,5700,pop1,b
1,5700,pop1,c
1,5700,pop2,a
1,5700,pop2,b
1,5700,pop2,c
1,5700,pop3,a
1,5700,pop3,b
1,5700,pop3,c
1,5700,pop4,b
1,5700,pop4,c
1,5700,pop5,b
1,5700,pop5,c
1,5700,pop6,a
1,5700,pop6,b
1,5700,pop6,c
1,5700,pop7,a
1,5700,pop7,b
1,5700,pop7,c
1,5700,pop8,a
1,5700,pop8,b
1,5700,pop8,c
1,5700,pop9,a
1,5700,pop9,b
1,5700,pop9,c
1,5700,pop10,a
1,5700,pop10,b
1,5700,pop10,c
1,5800,pop0,a
1,5800,pop0,b
1,5800,pop0,c
1,5800,pop1,a
1,5800,pop1,b
1,5800,pop1,c
1,5800,pop2,a
1,5800,pop2,b
1,5800,pop2,c
1,5800,pop3,a
1,5800,pop3,b
1,5800,pop3,c
1,5800,pop4,b
1,5800,pop4,c
1,5800,pop5,b
1,5800,pop5,c
1,5800,pop6,a
1,5800,pop6,b
1,5800,pop6,c
1,5800,pop7,a
1,5800,pop7,b
1,5800,pop7,c
1,5800,pop8,a
1,5800,pop8,b
1,5800,pop8,c
1,5800,pop9,a
1,5800,pop9,b
1,5800,pop9,c
1,5800,pop10,a
1,5800,pop10,b
1,5800,pop10,c
1,5900,pop0,a
1,5900,pop0,b
1,5900,pop0,c
1,5900,pop1,a
1,5900,pop1,b
1,5900,pop1,c
1,5900,pop2,a
1,5900,pop2,b
1,5900,pop2,c
1,5900,pop3,a
1,5900,pop3,b
1,5900,pop3,c
1,5900,pop4,b
1,5900,pop4,c
1,5900,pop5,b
1,5900,pop5,c
1,5900,pop6,a
1,5900,pop6,b
1,5900,pop6,c
1,5900,pop7,a
1,5900,pop7,b
1,5900,pop7,c
1,5900,pop8,a
1,5900,pop8,b
1,5900,pop8,c
1,5900,pop9,a
1,5900,pop9,b
1,5900,pop9,c
1,5900,pop10,a
1,5900,pop10,b
1,5900,pop10,c
1,6000,pop0,a
1,6000,pop0,b
1,6000,pop0,c
1,6000,pop1,a
1,6000,pop1,b
1,6000,pop1,c
1,6000,pop2,a
1,6000,pop2,b
1,6000,pop2,c
1,6000,pop3,a
1,6000,pop3,b
1,6000,pop3,c
1,6000,pop4,b
1,6000,pop4,c
1,6000,pop5,b
1,6000,pop5,c
1,6000,pop6,a
1,6000,pop6,b
1,6000,pop6,c
1,6000,pop7,a
1,6000,pop7,b
1,6000,pop7,c
1,6000,pop8,a
1,6000,pop8,b
1,6000,pop8,c
1,6000,pop9,a
1,6000,pop9,b
1,6000,pop9,c
1,6000,pop10,a
1,6000,pop10,b
1,6000,pop10,c
1,6100,pop0,a
1,6100,pop0,b
1,6100,pop0,c
1,6100,pop1,a
1,6100,pop1,b
1,6100,pop1,c
1,6100,pop2,a
1,6100,pop2,b
1,6100,pop2,c
1,6100,pop3,a
1,6100,pop3,b
1,6100,pop3,c
1,6100,pop4,b
1,6100,pop4,c
1,6100,pop5,b
1,6100,pop5,c
1,6100,pop6,a
1,6100,pop6,b
1,6100,pop6,c
1,6100,pop7,a
1,6100,pop7,b
1,6100,pop7,c
1,6100,pop8,a
1,6100,pop8,b
1,6100,pop8,c
1,6100,pop9,a
1,6100,pop9,b
1,6100,pop9,c
1,6100,pop10,a
1,6100,pop10,b
1,6100,pop10,c
1,6200,pop0,b
1,6200,pop0,c
1,6200,pop1,a
1,6200,pop1,b
1,6200,pop1,c
1,6200,pop2,a
1,6200,pop2,b
1,6200,pop2,c
1,6200,pop3,a
1,6200,pop3,b
1,6200,pop3,c
1,6200,pop4,b
1,6200,pop4,c
1,6200,pop5,b
1,6200,pop5,c
1,6200,pop6,a
1,6200,pop6,b
1,6200,pop6,c
1,6200,pop7,a
1,6200,pop7,b
1,6200,pop7,c
1,6200,pop8,a
1,6200,pop8,b
1,6200,pop8,c
1,6200,pop9,a
1,6200,pop9,b
1,6200,pop9,c
1,6200,pop10,a
1,6200,pop10,b
1,6200,pop10,c
1,6300,pop0,a
1,6300,pop0,b
1,6300,pop0,c
1,6300,pop1,a
1,6300,pop1,b
1,6300,pop1,c
1,6300,pop2,a
1,6300,pop2,b
1,6300,pop2,c
1,6300,pop3,a
1,6300,pop3,b
1,6300,pop3,c
1,6300,pop4,b
1,6300,pop4,c
1,6300,pop5,b
1,6300,pop5,c
1,6300,pop6,a
1,6300,pop6,b
1,6300,pop6,c
1,6300,pop7,a
1,6300,pop7,b
1,6300,pop7,c
1,6300,pop8,a
1,6300,pop8,b
1,6300,pop8,c
1,6300,pop9,a
1,6300,pop9,b
1,6300,pop9,c
1,6300,pop10,a
1,6300,pop10,b
1,6300,pop10,c
1,6400,pop0,a
1,6400,pop0,b
1,6400,pop0,c
1,6400,pop1,a
1,6400,pop1,b
1,6400,pop1,c
1,6400,pop2,a
1,6400,pop2,b
1,6400,pop2,c
1,6400,pop3,a
1,6400,pop3,b
1,6400,pop3,c
1,6400,pop4,c
1,6400,pop5,b
1,6400,pop5,c
1,6400,pop6,a
1,6400,pop6,b
1,6400,pop6,c
1,6400,pop7,a
1,6400,pop7,b
1,6400,pop7,c
1,6400,pop8,a
1,6400,pop8,b
1,6400,pop8,c
1,6400,pop9,b
1,6400,pop9,c
1,6400,pop10,a
1,6400,pop10,b
1,6400,pop10,c
1,6500,pop0,b
1,6500,pop0,c
1,6500,pop1,a
1,6500,pop1,b
1,6500,pop1,c
1,6500,pop2,b
1,6500,pop2,c
1,6500,pop3,a
1,6500,pop3,b
1,6500,pop3,c
1,6500,pop4,b
1,6500,pop4,c
1,6500,pop5,b
1,6500,pop5,c
1,6500,pop6,a
1,6500,pop6,b
1,6500,pop6,c
1,6500,pop7,a
1,6500,pop7,b
1,6500,pop7,c
1,6500,pop8,a
1,6500,pop8,b
1,6500,pop8,c
1,6500,pop9,a
1,6500,pop9,b
1,6500,pop9,c
1,6500,pop10,a
1,6500,pop10,b
1,6500,pop10,c
1,6600,pop0,a
1,6600,pop0,b
1,6600,pop0,c
1,6600,pop1,a
1,6600,pop1,b
1,6600,pop1,c
1,6600,pop2,a
1,6600,pop2,b
1,6600,pop2,c
1,6600,pop3,a
1,6600,pop3,b
1,6600,pop3,c
1,6600,pop4,c
1,6600,pop5,b
1,6600,pop5,c
1,6600,pop6,a
1,6600,pop6,b
1,6600,pop6,c
1,6600,pop7,a
1,6600,pop7,b
1,6600,pop7,c
1,6600,pop8,a
1,6600,pop8,b
1,6600,pop8,c
1,6600,pop9,b
1,6600,pop9,c
1,6600,pop10,a
1,6600,pop10,b
1,6600,pop10,c
1,6700,pop0,a
1,6700,pop0,b
1,6700,pop0,c
1,6700,pop1,a
1,6700,pop1,b
1,6700,pop1,c
1,6700,pop2,a
1,6700,pop2,b
1,6700,pop2,c
1,6700,pop3,a
1,6700,pop3,b
1,6700,pop3,c
1,6700,pop4,c
1,6700,pop5,b
1,6700,pop5,c
1,6700,pop6,a
1,6700,pop6,b
1,6700,pop6,c
1,6700,pop7,a
1,6700,pop7,b
1,6700,pop7,c
1,6700,pop8,a
1,6700,pop8,b
1,6700,pop8,c
1,6700,pop9,b
1,6700,pop9,c
1,6700,pop10,a
1,6700,pop10,b
1,6700,pop10,c
1,6800,pop0,a
1,6800,pop0,b
1,6800,pop0,c
1,6800,pop1,a
1,6800,pop1,b
1,6800,pop1,c
1,6800,pop2,a
1,6800,pop2,b
1,6800,pop2,c
1,6800,pop3,a
1,6800,pop3,b
1,6800,pop3,c
1,6800,pop4,b
1,6800,pop4,c
1,6800,pop5,b
1,6800,pop5,c
1,6800,pop6,a
1,6800,pop6,b
1,6800,pop6,c
1,6800,pop7,a
1,6800,pop7,b
1,6800,pop7,c
1,6800,pop8,a
1,6800,pop8,b
1,6800,pop8,c
1,6800,pop9,a
1,6800,pop9,b
1,6800,pop9,c
1,6800,pop10,a
1,6800,pop10,b
1,6800,pop10,c
1,6900,pop0,a
1,6900,pop0,b
1,6900,pop0,c
1,6900,pop1,a
1,6900,pop1,b
1,6900,pop1,c
1,6900,pop2,a
1,6900,pop2,b
1,6900,pop2,c
1,6900,pop3,a
1,6900,pop3,b
1,6900,pop3,c
1,6900,pop4,c
1,6900,pop5,b
1,6900,pop5,c
1,6900,pop6,a
1,6900,pop6,b
1,6900,pop6,c
1,6900,pop7,a
1,6900,pop7,b
1,6900,pop7,c
1,6900,pop8,a
1,6900,pop8,b
1,6900,pop8,c
1,6900,pop9,b
1,6900,pop9,c
1,6900,pop10,a
1,6900,pop10,b
1,6900,pop10,c
1,7000,pop0,a
1,7000,pop0,b
1,7000,pop0,c
1,7000,pop1,a
1,7000,pop1,b
1,7000,pop1,c
1,7000,pop2,a
1,7000,pop2,b
1,7000,pop2,c
1,7000,pop3,a
1,7000,pop3,b
1,7000,pop3,c
1,7000,pop4,b
1,7000,pop4,c
1,7000,pop5,b
1,7000,pop5,c
1,7000,pop6,a
1,7000,pop6,b
1,7000,pop6,c
1,7000,pop7,a
1,7000,pop7,b
1,7000,pop7,c
1,7000,pop8,a
1,7000,pop8,b
1,7000,pop8,c
1,7000,pop9,a
1,7000,pop9,b
1,7000,pop9,c
1,7000,pop10,a
1,7000,pop10,b
1,7000,pop10,c
1,7100,pop0,a
1,7100,pop0,b
1,7100,pop0,c
1,7100,pop1,a
1,7100,pop1,b
1,7100,pop1,c
1,7100,pop2,a
1,7100,pop2,b
1,7100,pop2,c
1,7100,pop3,a
1,7100,pop3,b
1,7100,pop3,c
1,7100,pop4,b
1,7100,pop4,c
1,7100,pop5,b
1,7100,pop5,c
1,7100,pop6,a
1,7100,pop6,b
1,7100,pop6,c
1,7100,pop7,a
1,7100,pop7,b
1,7100,pop7,c
1,7100,pop8,a
1,7100,pop8,b
1,7100,pop8,c
1,7100,pop9,a
1,7100,pop9,b
1,7100,pop9,c
1,7100,pop10,a
1,7100,pop10,b
1,7100,pop10,c
1,7200,pop0,a
1,7200,pop0,b
1,7200,pop0,c
1,7200,pop1,a
1,7200,pop1,b
1,7200,pop1,c
1,7200,pop2,a
1,7200,pop2,b
1,7200,pop2,c
1,7200,pop3,a
1,7200,pop3,b
1,7200,pop3,c
1,7200,pop4,a
1,7200,pop4,b
1,7200,pop4,c
1,7200,pop5,b
1,7200,pop5,c
1,7200,pop6,a
1,7200,pop6,b
1,7200,pop6,c
1,7200,pop7,a
1,7200,pop7,b
1,7200,pop7,c
1,7200,pop8,a
1,7200,pop8,b
1,7200,pop8,c
1,7200,pop9,a
1,7200,pop9,b
1,7200,pop9,c
1,7200,pop10,a
1,7200,pop10,b
1,7200,pop10,c
1,7300,pop0,a
1,7300,pop0,b
1,7300,pop0,c
1,7300,pop1,a
1,7300,pop1,b
1,7300,pop1,c
1,7300,pop2,a
1,7300,pop2,b
1,7300,pop2,c
1,7300,pop3,a
1,7300,pop3,b
1,7300,pop3,c
1,7300,pop4,b
1,7300,pop4,c
1,7300,pop5,b
1,7300,pop5,c
1,7300,pop6,a
1,7300,pop6,b
1,7300,pop6,c
1,7300,pop7,a
1,7300,pop7,b
1,7300,pop7,c
1,7300,pop8,a
1,7300,pop8,b
1,7300,pop8,c
1,7300,pop9,a
1,7300,pop9,b
1,7300,pop9,c
1,7300,pop10,a
1,7300,pop10,b
1,7300,pop10,c
1,7400,pop0,a
1,7400,pop0,b
1,7400,pop1,a
1,7400,pop1,b
1,7400,pop1,c
1,7400,pop2,a
1,7400,pop2,b
1,7400,pop2,c
1,7400,pop3,a
1,7400,pop3,b
1,7400,pop3,c
1,7400,pop4,c
1,7400,pop5,b
1,7400,pop5,c
1,7400,pop6,a
1,7400,pop6,b
1,7400,pop6,c
1,7400,pop7,a
1,7400,pop7,b
1,7400,pop7,c
1,7400,pop8,a
1,7400,pop8,b
1,7400,pop8,c
1,7400,pop9,b
1,7400,pop9,c
1,7400,pop10,a
1,7400,pop10,b
1,7400,pop10,c
1,7500,pop0,b
1,7500,pop0,c
1,7500,pop1,a
1,7500,pop1,b
1,7500,pop1,c
1,7500,pop2,a
1,7500,pop2,b
1,7500,pop2,c
1,7500,pop3,a
1,7500,pop3,b
1,7500,pop3,c
1,7500,pop4,b
1,7500,pop4,c
1,7500,pop5,b
1,7500,pop5,c
1,7500,pop6,a
1,7500,pop6,b
1,7500,pop6,c
1,7500,pop7,a
1,7500,pop7,b
1,7500,pop7,c
1,7500,pop8,a
1,7500,pop8,b
1,7500,pop8,c
1,7500,pop9,a
1,7500,pop9,b
1,7500,pop9,c
1,7500,pop10,a
1,7500,pop10,b
1,7500,pop10,c
1,7600,pop0,a
1,7600,pop0,b
1,7600,pop0,c
1,7600,pop1,b
1,7600,pop1,c
1,7600,pop2,a
1,7600,pop2,b
1,7600,pop2,c
1,7600,pop3,a
1,7600,pop3,b
1,7600,pop3,c
1,7600,pop4,b
1,7600,pop4,c
1,7600,pop5,b
1,7600,pop5,c
1,7600,pop6,a
1,7600,pop6,b
1,7600,pop6,c
1,7600,pop7,a
1,7600,pop7,b
1,7600,pop7,c
1,7600,pop8,a
1,7600,pop8,b
1,7600,pop8,c
1,7600,pop9,a
1,7600,pop9,b
1,7600,pop9,c
1,7600,pop10,a
1,7600,pop10,b
1,7600,pop10,c
1,7700,pop0,a
1,7700,pop0,b
1,7700,pop0,c
1,7700,pop1,a
1,7700,pop1,b
1,7700,pop1,c
1,7700,pop2,a
1,7700,pop2,b
1,7700,pop2,c
1,7700,pop3,a
1,7700,pop3,b
1,7700,pop3,c
1,7700,pop4,c
1,7700,pop5,b
1,7700,pop5,c
1,7700,pop6,a
1,7700,pop6,b
1,7700,pop6,c
1,7700,pop7,a
1,7700,pop7,b
1,7700,pop7,c
1,7700,pop8,a
1,7700,pop8,b
1,7700,pop8,c
1,7700,pop9,b
1,7700,pop9,c
1,7700,pop10,a
1,7700,pop10,b
1,7700,pop10,c
1,7800,pop0,a
1,7800,pop0,b
1,7800,pop0,c
1,7800,pop1,a
1,7800,pop1,b
1,7800,pop1,c
1,7800,pop2,a
1,7800,pop2,b
1,7800,pop2,c
1,7800,pop3,a
1,7800,pop3,b
1,7800,pop3,c
1,7800,pop4,b
1,7800,pop4,c
1,7800,pop5,b
1,7800,pop5,c
1,7800,pop6,a
1,7800,pop6,b
1,7800,pop6,c
1,7800,pop7,a
1,7800,pop7,b
1,7800,pop7,c
1,7800,pop8,a
1,7800,pop8,b
1,7800,pop8,c
1,7800,pop9,a
1,7800,pop9,b
1,7800,pop9,c
1,7800,pop10,a
1,7800,pop10,b
1,7800,pop10,c
1,7900,pop0,a
1,7900,pop0,b
1,7900,pop0,c
1,7900,pop1,a
1,7900,pop1,b
1,7900,pop1,c
1,7900,pop2,a
1,7900,pop2,b
1,7900,pop2,c
1,7900,pop3,a
1,7900,pop3,b
1,7900,pop3,c
1,7900,pop4,b
1,7900,pop4,c
1,7900,pop5,b
1,7900,pop5,c
1,7900,pop6,a
1,7900,pop6,b
1,7900,pop6,c
1,7900,pop7,a
1,7900,pop7,b
1,7900,pop7,c
1,7900,pop8,a
1,7900,pop8,b
1,7900,pop8,c
1,7900,pop9,a
1,7900,pop9,b
1,7900,pop9,c
1,7900,pop10,a
1,7900,pop10,b
1,7900,pop10,c
1,8000,pop0,a
1,8000,pop0,b
1,8000,pop0,c
1,8000,pop1,a
1,8000,pop1,b
1,8000,pop1,c
1,8000,pop2,a
1,8000,pop2,b
1,8000,pop2,c
1,8000,pop3,a
1,8000,pop3,b
1,8000,pop3,c
1,8000,pop4,c
1,8000,pop5,b
1,8000,pop5,c
1,8000,pop6,a
1,8000,pop6,b
1,8000,pop6,c
1,8000,pop7,a
1,8000,pop7,b
1,8000,pop7,c
1,8000,pop8,a
1,8000,pop8,b
1,8000,pop8,c
1,8000,pop9,b
1,8000,pop9,c
1,8000,pop10,a
1,8000,pop10,b
1,8000,pop10,c
1,8100,pop0,a
1,8100,pop0,b
1,8100,pop0,c
1,8100,pop1,a
1,8100,pop1,b
1,8100,pop1,c
1,8100,pop2,a
1,8100,pop2,b
1,8100,pop2,c
1,8100,pop3,a
1,8100,pop3,b
1,8100,pop3,c
1,8100,pop4,c
1,8100,pop5,b
1,8100,pop5,c
1,8100,pop6,a
1,8100,pop6,b
1,8100,pop6,c
1,8100,pop7,a
1,8100,pop7,b
1,8100,pop7,c
1,8100,pop8,a
1,8100,pop8,b
1,8100,pop8,c
1,8100,pop9,b
1,8100,pop9,c
1,8100,pop10,a
1,8100,pop10,b
1,8100,pop10,c
1,8200,pop0,b
1,8200,pop0,c
1,8200,pop1,a
1,8200,pop1,b
1,8200,pop1,c
1,8200,pop2,a
1,8200,pop2,b
1,8200,pop2,c
1,8200,pop3,a
1,8200,pop3,b
1,8200,pop3,c
1,8200,pop4,b
1,8200,pop4,c
1,8200,pop5,b
1,8200,pop5,c
1,8200,pop6,a
1,8200,pop6,b
1,8200,pop6,c
1,8200,pop7,a
1,8200,pop7,b
1,8200,pop7,c
1,8200,pop8,a
1,8200,pop8,b
1,8200,pop8,c
1,8200,pop9,a
1,8200,pop9,b
1,8200,pop9,c
1,8200,pop10,a
1,8200,pop10,b
1,8200,pop10,c
1,8300,pop0,a
1,8300,pop0,b
1,8300,pop0,c
1,8300,pop1,a
1,8300,pop1,b
1,8300,pop1,c
1,8300,pop2,a
1,8300,pop2,b
1,8300,pop2,c
1,8300,pop3,a
1,8300,pop3,b
1,8300,pop3,c
1,8300,pop4,b
1,8300,pop4,c
1,8300,pop5,b
1,8300,pop5,c
1,8300,pop6,a
1,8300,pop6,b
1,8300,pop6,c
1,8300,pop7,a
1,8300,pop7,b
1,8300,pop7,c
1,8300,pop8,a
1,8300,pop8,b
1,8300,pop8,c
1,8300,pop9,a
1,8300,pop9,b
1,8300,pop9,c
1,8300,pop10,a
1,8300,pop10,b
1,8300,pop10,c
1,8400,pop0,b
1,8400,pop0,c
1,8400,pop1,a
1,8400,pop1,b
1,8400,pop1,c
1,8400,pop2,a
1,8400,pop2,b
1,8400,pop2,c
1,8400,pop3,a
1,8400,pop3,b
1,8400,pop3,c
1,8400,pop4,b
1,8400,pop4,c
1,8400,pop5,b
1,8400,pop5,c
1,8400,pop6,a
1,8400,pop6,b
1,8400,pop6,c
1,8400,pop7,a
1,8400,pop7,b
1,8400,pop7,c
1,8400,pop8,a
1,8400,pop8,b
1,8400,pop8,c
1,8400,pop9,a
1,8400,pop9,b
1,8400,pop9,c
1,8400,pop10,a
1,8400,pop10,b
1,8400,pop10,c
1,8500,pop0,b
1,8500,pop0,c
1,8500,pop1,a
1,8500,pop1,b
1,8500,pop1,c
1,8500,pop2,a
1,8500,pop2,b
1,8500,pop2,c
1,8500,pop3,a
1,8500,pop3,b
1,8500,pop3,c
1,8500,pop4,b
1,8500,pop4,c
1,8500,pop5,b
1,8500,pop5,c
1,8500,pop6,a
1,8500,pop6,b
1,8500,pop6,c
1,8500,pop7,a
1,8500,pop7,b
1,8500,pop7,c
1,8500,pop8,a
1,8500,pop8,b
1,8500,pop8,c
1,8500,pop9,a
1,8500,pop9,b
1,8500,pop9,c
1,8500,pop10,a
1,8500,pop10,b
1,8500,pop10,c
1,8600,pop0,a
1,8600,pop0,b
1,8600,pop1,a
1,8600,pop1,b
1,8600,pop1,c
1,8600,pop2,a
1,8600,pop2,b
1,8600,pop2,c
1,8600,pop3,a
1,8600,pop3,b
1,8600,pop3,c
1,8600,pop4,b
1,8600,pop4,c
1,8600,pop5,b
1,8600,pop5,c
1,8600,pop6,a
1,8600,pop6,b
1,8600,pop6,c
1,8600,pop7,a
1,8600,pop7,b
1,8600,pop7,c
1,8600,pop8,a
1,8600,pop8,b
1,8600,pop8,c
1,8600,pop9,a
1,8600,pop9,b
1,8600,pop9,c
1,8600,pop10,a
1,8600,pop10,b
1,8600,pop10,c
1,8700,pop0,b
1,8700,pop0,c
1,8700,pop1,a
1,8700,pop1,b
1,8700,pop2,a
1,8700,pop2,b
1,8700,pop2,c
1,8700,pop3,a
1,8700,pop3,b
1,8700,pop3,c
1,8700,pop4,c
1,8700,pop5,b
1,8700,pop5,c
1,8700,pop6,a
1,8700,pop6,b
1,8700,pop6,c
1,8700,pop7,a
1,8700,pop7,b
1,8700,pop7,c
1,8700,pop8,a
1,8700,pop8,b
1,8700,pop8,c
1,8700,pop9,b
1,8700,pop9,c
1,8700,pop10,a
1,8700,pop10,b
1,8700,pop10,c
1,8800,pop0,a
1,8800,pop0,b
1,8800,pop0,c
1,8800,pop1,a
1,8800,pop1,b
1,8800,pop1,c
1,8800,pop2,a
1,8800,pop2,b
1,8800,pop2,c
1,8800,pop3,a
1,8800,pop3,b
1,8800,pop3,c
1,8800,pop4,b
1,8800,pop4,c
1,8800,pop5,b
1,8800,pop5,c
1,8800,pop6,a
1,8800,pop6,b
1,8800,pop6,c
1,8800,pop7,a
1,8800,pop7,b
1,8800,pop7,c
1,8800,pop8,a
1,8800,pop8,b
1,8800,pop8,c
1,8800,pop9,a
1,8800,pop9,b
1,8800,pop9,c
1,8800,pop10,a
1,8800,pop10,b
1,8800,pop10,c
1,8900,pop0,a
1,8900,pop0,b
1,8900,pop0,c
1,8900,pop1,a
1,8900,pop1,b
1,8900,pop1,c
1,8900,pop2,a
1,8900,pop2,b
1,8900,pop2,c
1,8900,pop3,a
1,8900,pop3,b
1,8900,pop3,c
1,8900,pop4,c
1,8900,pop5,b
1,8900,pop5,c
1,8900,pop6,a
1,8900,pop6,b
1,8900,pop6,c
1,8900,pop7,a
1,8900,pop7,b
1,8900,pop7,c
1,8900,pop8,a
1,8900,pop8,b
1,8900,pop8,c
1,8900,pop9,b
1,8900,pop9,c
1,8900,pop10,a
1,8900,pop10,b
1,8900,pop10,c
1,9000,pop0,a
1,9000,pop0,b
1,9000,pop0,c
1,9000,pop1,a
1,9000,pop1,b
1,9000,pop1,c
1,9000,pop2,a
1,9000,pop2,b
1,9000,pop2,c
1,9000,pop3,a
1,9000,pop3,b
1,9000,pop3,c
1,9000,pop4,b
1,9000,pop4,c
1,9000,pop5,b
1,9000,pop5,c
1,9000,pop6,a
1,9000,pop6,b
1,9000,pop6,c
1,9000,pop7,a
1,9000,pop7,b
1,9000,pop7,c
1,9000,pop8,a
1,9000,pop8,b
1,9000,pop8,c
1,9000,pop9,a
1,9000,pop9,b
1,9000,pop9,c
1,9000,pop10,a
1,9000,pop10,b
1,9000,pop10,c
1,9100,pop0,a
1,9100,pop0,b
1,9100,pop0,c
1,9100,pop1,a
1,9100,pop1,b
1,9100,pop1,c
1,9100,pop2,a
1,9100,pop2,b
1,9100,pop2,c
1,9100,pop3,a
1,9100,pop3,b
1,9100,pop3,c
1,9100,pop4,b
1,9100,pop4,c
1,9100,pop5,b
1,9100,pop5,c
1,9100,pop6,a
1,9100,pop6,b
1,9100,pop6,c
1,9100,pop7,a
1,9100,pop7,b
1,9100,pop7,c
1,9100,pop8,a
1,9100,pop8,b
1,9100,pop8,c
1,9100,pop9,a
1,9100,pop9,b
1,9100,pop9,c
1,9100,pop10,a
1,9100,pop10,b
1,9100,pop10,c
1,9200,pop0,a
1,9200,pop0,b
1,9200,pop0,c
1,9200,pop1,a
1,9200,pop1,b
1,9200,pop1,c
1,9200,pop2,a
1,9200,pop2,b
1,9200,pop2,c
1,9200,pop3,a
1,9200,pop3,b
1,9200,pop3,c
1,9200,pop4,b
1,9200,pop4,c
1,9200,pop5,b
1,9200,pop5,c
1,9200,pop6,a
1,9200,pop6,b
1,9200,pop6,c
1,9200,pop7,a
1,9200,pop7,b
1,9200,pop7,c
1,9200,pop8,a
1,9200,pop8,b
1,9200,pop8,c
1,9200,pop9,a
1,9200,pop9,b
1,9200,pop9,c
1,9200,pop10,a
1,9200,pop10,b
1,9200,pop10,c
1,9300,pop0,a
1,9300,pop0,b
1,9300,pop0,c
1,9300,pop1,a
1,9300,pop1,b
1,9300,pop1,c
1,9300,pop2,a
1,9300,pop2,b
1,9300,pop2,c
1,9300,pop3,a
1,9300,pop3,b
1,9300,pop3,c
1,9300,pop4,b
1,9300,pop4,c
1,9300,pop5,b
1,9300,pop5,c
1,9300,pop6,a
1,9300,pop6,b
1,9300,pop6,c
1,9300,pop7,a
1,9300,pop7,b
1,9300,pop7,c
1,9300,pop8,a
1,9300,pop8,b
1,9300,pop8,c
1,9300,pop9,a
1,9300,pop9,b
1,9300,pop9,c
1,9300,pop10,a
1,9300,pop10,b
1,9300,pop10,c
1,9400,pop0,a
1,9400,pop0,b
1,9400,pop0,c
1,9400,pop1,a
1,9400,pop1,b
1,9400,pop1,c
1,9400,pop2,a
1,9400,pop2,b
1,9400,pop2,c
1,9400,pop3,a
1,9400,pop3,b
1,9400,pop3,c
1,9400,pop4,b
1,9400,pop4,c
1,9400,pop5,b
1,9400,pop5,c
1,9400,pop6,a
1,9400,pop6,b
1,9400,pop6,c
1,9400,pop7,a
1,9400,pop7,b
1,9400,pop7,c
1,9400,pop8,a
1,9400,pop8,b
1,9400,pop8,c
1,9400,pop9,a
1,9400,pop9,b
1,9400,pop9,c
1,9400,pop10,a
1,9400,pop10,b
1,9400,pop10,c
1,9500,pop0,b
1,9500,pop0,c
1,9500,pop1,a
1,9500,pop1,b
1,9500,pop1,c
1,9500,pop2,a
1,9500,pop2,b
1,9500,pop2,c
1,9500,pop3,a
1,9500,pop3,b
1,9500,pop3,c
1,9500,pop4,b
1,9500,pop4,c
1,9500,pop5,b
1,9500,pop5,c
1,9500,pop6,a
1,9500,pop6,b
1,9500,pop6,c
1,9500,pop7,a
1,9500,pop7,b
1,9500,pop7,c
1,9500,pop8,a
1,9500,pop8,b
1,9500,pop8,c
1,9500,pop9,a
1,9500,pop9,b
1,9500,pop9,c
1,9500,pop10,a
1,9500,pop10,b
1,9500,pop10,c
1,9600,pop0,a
1,9600,pop0,b
1,9600,pop0,c
1,9600,pop1,a
1,9600,pop1,b
1,9600,pop1,c
1,9600,pop2,a
1,9600,pop2,b
1,9600,pop2,c
1,9600,pop3,a
1,9600,pop3,b
1,9600,pop3,c
1,9600,pop4,b
1,9600,pop4,c
1,9600,pop5,b
1,9600,pop5,c
1,9600,pop6,a
1,9600,pop6,b
1,9600,pop6,c
1,9600,pop7,a
1,9600,pop7,b
1,9600,pop7,c
1,9600,pop8,a
1,9600,pop8,b
1,9600,pop8,c
1,9600,pop9,a
1,9600,pop9,b
1,9600,pop9,c
1,9600,pop10,a
1,9600,pop10,b
1,9600,pop10,c
1,9700,pop0,b
1,9700,pop0,c
1,9700,pop1,a
1,9700,pop1,b
1,9700,pop1,c
1,9700,pop2,a
1,9700,pop2,b
1,9700,pop2,c
1,9700,pop3,a
1,9700,pop3,b
1,9700,pop3,c
1,9700,pop4,c
1,9700,pop5,b
1,9700,pop5,c
1,9700,pop6,a
1,9700,pop6,b
1,9700,pop6,c
1,9700,pop7,a
1,9700,pop7,b
1,9700,pop7,c
1,9700,pop8,a
1,9700,pop8,b
1,9700,pop8,c
1,9700,pop9,b
1,9700,pop9,c
1,9700,pop10,a
1,9700,pop10,b
1,9700,pop10,c
1,9800,pop0,a
1,9800,pop0,b
1,9800,pop0,c
1,9800,pop1,a
1,9800,pop1,b
1,9800,pop1,c
1,9800,pop2,a
1,9800,pop2,b
1,9800,pop2,c
1,9800,pop3,a
1,9800,pop3,b
1,9800,pop3,c
1,9800,pop4,b
1,9800,pop4,c
1,9800,pop5,b
1,9800,pop5,c
1,9800,pop6,a
1,9800,pop6,b
1,9800,pop6,c
1,9800,pop7,a
1,9800,pop7,b
1,9800,pop7,c
1,9800,pop8,a
1,9800,pop8,b
1,9800,pop8,c
1,9800,pop9,a
1,9800,pop9,b
1,9800,pop9,c
1,9800,pop10,a
1,9800,pop10,b
1,9800,pop10,c
1,9900,pop0,a
1,9900,pop0,b
1,9900,pop0,c
1,9900,pop1,a
1,9900,pop1,b
1,9900,pop1,c
1,9900,pop2,a
1,9900,pop2,b
1,9900,pop2,c
1,9900,pop3,a
1,9900,pop3,b
1,9900,pop3,c
1,9900,pop4,c
1,9900,pop5,b
1,9900,pop5,c
1,9900,pop6,a
1,9900,pop6,b
1,9900,pop6,c
1,9900,pop7,a
1,9900,pop7,b
1,9900,pop7,c
1,9900,pop8,a
1,9900,pop8,b
1,9900,pop8,c
1,9900,pop9,b
1,9900,pop9,c
1,9900,pop10,a
1,9900,pop10,b
1,9900,pop10,c
1,10000,pop0,a
1,10000,pop0,b
1,10000,pop0,c
1,10000,pop1,a
1,10000,pop1,b
1,10000,pop1,c
1,10000,pop2,a
1,10000,pop2,b
1,10000,pop2,c
1,10000,pop3,a
1,10000,pop3,b
1,10000,pop3,c
1,10000,pop4,b
1,10000,pop4,c
1,10000,pop5,b
1,10000,pop5,c
1,10000,pop6,a
1,10000,pop6,b
1,10000,pop6,c
1,10000,pop7,a
1,10000,pop7,b
1,10000,pop7,c
1,10000,pop8,a
1,10000,pop8,b
1,10000,pop8,c
1,10000,pop9,a
1,10000,pop9,b
1,10000,pop9,c
1,10000,pop10,a
1,10000,pop10,b
1,10000,pop10,c
1,10100,pop0,a
1,10100,pop0,b
1,10100,pop0,c
1,10100,pop1,a
1,10100,pop1,b
1,10100,pop1,c
1,10100,pop2,a
1,10100,pop2,b
1,10100,pop2,c
1,10100,pop3,a
1,10100,pop3,b
1,10100,pop3,c
1,10100,pop4,c
1,10100,pop5,b
1,10100,pop5,c
1,10100,pop6,a
1,10100,pop6,b
1,10100,pop6,c
1,10100,pop7,a
1,10100,pop7,b
1,10100,pop7,c
1,10100,pop8,a
1,10100,pop8,b
1,10100,pop8,c
1,10100,pop9,b
1,10100,pop9,c
1,10100,pop10,a
1,10100,pop10,b
1,10100,pop10,c
1,10200,pop0,a
1,10200,pop0,b
1,10200,pop0,c
1,10200,pop1,a
1,10200,pop1,b
1,10200,pop1,c
1,10200,pop2,a
1,10200,pop2,b
1,10200,pop2,c
1,10200,pop3,a
1,10200,pop3,b
1,10200,pop3,c
1,10200,pop4,c
1,10200,pop5,b
1,10200,pop5,c
1,10200,pop6,a
1,10200,pop6,b
1,10200,pop6,c
1,10200,pop7,a
1,10200,pop7,b
1,10200,pop7,c
1,10200,pop8,a
1,10200,pop8,b
1,10200,pop8,c
1,10200,pop9,b
1,10200,pop9,c
1,10200,pop10,a
1,10200,pop10,b
1,10200,pop10,c
1,10300,pop0,a
1,10300,pop0,b
1,10300,pop0,c
1,10300,pop1,a
1,10300,pop1,b
1,10300,pop1,c
1,10300,pop2,a
1,10300,pop2,b
1,10300,pop2,c
1,10300,pop3,a
1,10300,pop3,b
1,10300,pop3,c
1,10300,pop4,c
1,10300,pop5,b
1,10300,pop5,c
1,10300,pop6,a
1,10300,pop6,b
1,10300,pop6,c
1,10300,pop7,a
1,10300,pop7,b
1,10300,pop7,c
1,10300,pop8,a
1,10300,pop8,b
1,10300,pop8,c
1,10300,pop9,b
1,10300,pop9,c
1,10300,pop10,a
1,10300,pop10,b
1,10300,pop10,c
1,10400,pop0,a
1,10400,pop0,b
1,10400,pop0,c
1,10400,pop1,a
1,10400,pop1,b
1,10400,pop1,c
1,10400,pop2,a
1,10400,pop2,b
1,10400,pop2,c
1,10400,pop3,a
1,10400,pop3,b
1,10400,pop3,c
1,10400,pop4,c
1,10400,pop5,b
1,10400,pop5,c
1,10400,pop6,a
1,10400,pop6,b
1,10400,pop6,c
1,10400,pop7,a
1,10400,pop7,b
1,10400,pop7,c
1,10400,pop8,a
1,10400,pop8,b
1,10400,pop8,c
1,10400,pop9,b
1,10400,pop9,c
1,10400,pop10,a
1,10400,pop10,b
1,10400,pop10,c
1,10500,pop0,a
1,10500,pop0,b
1,10500,pop0,c
1,10500,pop1,a
1,10500,pop1,b
1,10500,pop1,c
1,10500,pop2,a
1,10500,pop2,b
1,10500,pop2,c
1,10500,pop3,a
1,10500,pop3,b
1,10500,pop3,c
1,10500,pop4,c
1,10500,pop5,b
1,10500,pop5,c
1,10500,pop6,a
1,10500,pop6,b
1,10500,pop6,c
1,10500,pop7,a
1,10500,pop7,b
1,10500,pop7,c
1,10500,pop8,a
1,10500,pop8,c
1,10500,pop9,b
1,10500,pop9,c
1,10500,pop10,a
1,10500,pop10,b
1,10500,pop10,c
1,10600,pop0,b
1,10600,pop0,c
1,10600,pop1,a
1,10600,pop1,b
1,10600,pop1,c
1,10600,pop2,a
1,10600,pop2,b
1,10600,pop2,c
1,10600,pop3,a
1,10600,pop3,b
1,10600,pop3,c
1,10600,pop4,b
1,10600,pop4,c
1,10600,pop5,b
1,10600,pop5,c
1,10600,pop6,a
1,10600,pop6,b
1,10600,pop6,c
1,10600,pop7,a
1,10600,pop7,b
1,10600,pop7,c
1,10600,pop8,a
1,10600,pop8,b
1,10600,pop8,c
1,10600,pop9,a
1,10600,pop9,b
1,10600,pop9,c
1,10600,pop10,a
1,10600,pop10,b
1,10600,pop10,c
1,10700,pop0,a
1,10700,pop0,b
1,10700,pop0,c
1,10700,pop1,a
1,10700,pop1,b
1,10700,pop1,c
1,10700,pop2,a
1,10700,pop2,b
1,10700,pop2,c
1,10700,pop3,a
1,10700,pop3,b
1,10700,pop3,c
1,10700,pop4,c
1,10700,pop5,b
1,10700,pop5,c
1,10700,pop6,a
1,10700,pop6,b
1,10700,pop6,c
1,10700,pop7,a
1,10700,pop7,b
1,10700,pop7,c
1,10700,pop8,a
1,10700,pop8,b
1,10700,pop8,c
1,10700,pop9,b
1,10700,pop9,c
1,10700,pop10,a
1,10700,pop10,b
1,10700,pop10,c
1,10800,pop0,a
1,10800,pop0,b
1,10800,pop0,c
1,10800,pop1,a
1,10800,pop1,b
1,10800,pop1,c
1,10800,pop2,a
1,10800,pop2,b
1,10800,pop2,c
1,10800,pop3,a
1,10800,pop3,b
1,10800,pop3,c
1,10800,pop4,b
1,10800,pop4,c
1,10800,pop5,b
1,10800,pop5,c
1,10800,pop6,a
1,10800,pop6,b
1,10800,pop6,c
1,10800,pop7,a
1,10800,pop7,b
1,10800,pop7,c
1,10800,pop8,a
1,10800,pop8,b
1,10800,pop8,c
1,10800,pop9,a
1,10800,pop9,b
1,10800,pop9,c
1,10800,pop10,a
1,10800,pop10,b
1,10800,pop10,c
1,10900,pop0,a
1,10900,pop0,b
1,10900,pop0,c
1,10900,pop1,a
1,10900,pop1,b
1,10900,pop1,c
1,10900,pop2,a
1,10900,pop2,b
1,10900,pop2,c
1,10900,pop3,a
1,10900,pop3,b
1,10900,pop3,c
1,10900,pop4,c
1,10900,pop5,b
1,10900,pop5,c
1,10900,pop6,a
1,10900,pop6,b
1,10900,pop6,c
1,10900,pop7,a
1,10900,pop7,b
1,10900,pop7,c
1,10900,pop8,a
1,10900,pop8,b
1,10900,pop8,c
1,10900,pop9,b
1,10900,pop9,c
1,10900,pop10,a
1,10900,pop10,b
1,10900,pop10,c
1,11000,pop0,b
1,11000,pop0,c
1,11000,pop1,a
1,11000,pop1,b
1,11000,pop1,c
1,11000,pop2,a
1,11000,pop2,b
1,11000,pop2,c
1,11000,pop3,a
1,11000,pop3,b
1,11000,pop3,c
1,11000,pop4,b
1,11000,pop4,c
1,11000,pop5,b
1,11000,pop5,c
1,11000,pop6,a
1,11000,pop6,b
1,11000,pop6,c
1,11000,pop7,a
1,11000,pop7,b
1,11000,pop7,c
1,11000,pop8,a
1,11000,pop8,b
1,11000,pop8,c
1,11000,pop9,a
1,11000,pop9,b
1,11000,pop9,c
1,11000,pop10,a
1,11000,pop10,b
1,11000,pop10,c
1,11100,pop0,a
1,11100,pop0,b
1,11100,pop0,c
1,11100,pop1,a
1,11100,pop1,b
1,11100,pop1,c
1,11100,pop2,a
1,11100,pop2,b
1,11100,pop2,c
1,11100,pop3,a
1,11100,pop3,b
1,11100,pop3,c
1,11100,pop4,b
1,11100,pop4,c
1,11100,pop5,b
1,11100,pop5,c
1,11100,pop6,a
1,11100,pop6,b
1,11100,pop6,c
1,11100,pop7,a
1,11100,pop7,b
1,11100,pop7,c
1,11100,pop8,a
1,11100,pop8,b
1,11100,pop8,c
1,11100,pop9,a
1,11100,pop9,b
1,11100,pop9,c
1,11100,pop10,a
1,11100,pop10,b
1,11100,pop10,c
1,11200,pop0,a
1,11200,pop0,b
1,11200,pop1,a
1,11200,pop1,b
1,11200,pop1,c
1,11200,pop2,a
1,11200,pop2,b
1,11200,pop2,c
1,11200,pop3,a
1,11200,pop3,b
1,11200,pop3,c
1,11200,pop4,c
1,11200,pop5,b
1,11200,pop5,c
1,11200,pop6,a
1,11200,pop6,b
1,11200,pop6,c
1,11200,pop7,a
1,11200,pop7,b
1,11200,pop7,c
1,11200,pop8,a
1,11200,pop8,b
1,11200,pop8,c
1,11200,pop9,b
1,11200,pop9,c
1,11200,pop10,a
1,11200,pop10,b
1,11200,pop10,c
1,11300,pop0,a
1,11300,pop0,b
1,11300,pop0,c
1,11300,pop1,a
1,11300,pop1,b
1,11300,pop1,c
1,11300,pop2,a
1,11300,pop2,b
1,11300,pop2,c
1,11300,pop3,a
1,11300,pop3,b
1,11300,pop3,c
1,11300,pop4,a
1,11300,pop4,b
1,11300,pop4,c
1,11300,pop5,b
1,11300,pop5,c
1,11300,pop6,a
1,11300,pop6,b
1,11300,pop6,c
1,11300,pop7,a
1,11300,pop7,b
1,11300,pop7,c
1,11300,pop8,a
1,11300,pop8,c
1,11300,pop9,b
1,11300,pop9,c
1,11300,pop10,a
1,11300,pop10,b
1,11300,pop10,c
1,11400,pop0,a
1,11400,pop0,b
1,11400,pop0,c
1,11400,pop1,a
1,11400,pop1,b
1,11400,pop1,c
1,11400,pop2,a
1,11400,pop2,b
1,11400,pop2,c
1,11400,pop3,a
1,11400,pop3,b
1,11400,pop3,c
1,11400,pop4,b
1,11400,pop4,c
1,11400,pop5,b
1,11400,pop5,c
1,11400,pop6,a
1,11400,pop6,b
1,11400,pop6,c
1,11400,pop7,a
1,11400,pop7,b
1,11400,pop7,c
1,11400,pop8,a
1,11400,pop8,b
1,11400,pop8,c
1,11400,pop9,a
1,11400,pop9,b
1,11400,pop9,c
1,11400,pop10,a
1,11400,pop10,b
1,11400,pop10,c
1,11500,pop0,a
1,11500,pop0,b
1,11500,pop1,a
1,11500,pop1,b
1,11500,pop1,c
1,11500,pop2,a
1,11500,pop2,b
1,11500,pop2,c
1,11500,pop3,a
1,11500,pop3,b
1,11500,pop3,c
1,11500,pop4,c
1,11500,pop5,b
1,11500,pop5,c
1,11500,pop6,a
1,11500,pop6,b
1,11500,pop6,c
1,11500,pop7,a
1,11500,pop7,b
1,11500,pop7,c
1,11500,pop8,a
1,11500,pop8,b
1,11500,pop8,c
1,11500,pop9,b
1,11500,pop9,c
1,11500,pop10,a
1,11500,pop10,b
1,11500,pop10,c
1,11600,pop0,b
1,11600,pop0,c
1,11600,pop1,a
1,11600,pop1,b
1,11600,pop1,c
1,11600,pop2,a
1,11600,pop2,b
1,11600,pop2,c
1,11600,pop3,a
1,11600,pop3,b
1,11600,pop3,c
1,11600,pop4,b
1,11600,pop4,c
1,11600,pop5,b
1,11600,pop5,c
1,11600,pop6,a
1,11600,pop6,b
1,11600,pop6,c
1,11600,pop7,a
1,11600,pop7,b
1,11600,pop7,c
1,11600,pop8,a
1,11600,pop8,b
1,11600,pop8,c
1,11600,pop9,a
1,11600,pop9,b
1,11600,pop9,c
1,11600,pop10,a
1,11600,pop10,b
1,11600,pop10,c
1,11700,pop0,a
1,11700,pop0,b
1,11700,pop0,c
1,11700,pop1,a
1,11700,pop1,b
1,11700,pop1,c
1,11700,pop2,a
1,11700,pop2,b
1,11700,pop2,c
1,11700,pop3,a
1,11700,pop3,b
1,11700,pop3,c
1,11700,pop4,b
1,11700,pop4,c
1,11700,pop5,b
1,11700,pop5,c
1,11700,pop6,a
1,11700,pop6,b
1,11700,pop6,c
1,11700,pop7,a
1,11700,pop7,b
1,11700,pop7,c
1,11700,pop8,a
1,11700,pop8,b
1,11700,pop8,c
1,11700,pop9,a
1,11700,pop9,b
1,11700,pop9,c
1,11700,pop10,a
1,11700,pop10,b
1,11700,pop10,c
1,11800,pop0,a
1,11800,pop0,b
1,11800,pop0,c
1,11800,pop1,a
1,11800,pop1,b
1,11800,pop1,c
1,11800,pop2,a
1,11800,pop2,b
1,11800,pop2,c
1,11800,pop3,b
1,11800,pop3,c
1,11800,pop4,b
1,11800,pop4,c
1,11800,pop5,b
1,11800,pop5,c
1,11800,pop6,a
1,11800,pop6,b
1,11800,pop6,c
1,11800,pop7,a
1,11800,pop7,b
1,11800,pop7,c
1,11800,pop8,a
1,11800,pop8,b
1,11800,pop8,c
1,11800,pop9,a
1,11800,pop9,b
1,11800,pop9,c
1,11800,pop10,a
1,11800,pop10,b
1,11800,pop10,c
1,11900,pop0,a
1,11900,pop0,b
1,11900,pop0,c
1,11900,pop1,a
1,11900,pop1,b
1,11900,pop1,c
1,11900,pop2,a
1,11900,pop2,b
1,11900,pop2,c
1,11900,pop3,a
1,11900,pop3,b
1,11900,pop3,c
1,11900,pop4,c
1,11900,pop5,b
1,11900,pop5,c
1,11900,pop6,a
1,11900,pop6,b
1,11900,pop6,c
1,11900,pop7,a
1,11900,pop7,b
1,11900,pop7,c
1,11900,pop8,a
1,11900,pop8,b
1,11900,pop8,c
1,11900,pop9,b
1,11900,pop9,c
1,11900,pop10,a
1,11900,pop10,b
1,11900,pop10,c
1,12000,pop0,a
1,12000,pop0,b
1,12000,pop0,c
1,12000,pop1,a
1,12000,pop1,b
1,12000,pop1,c
1,12000,pop2,a
1,12000,pop2,b
1,12000,pop2,c
1,12000,pop3,a
1,12000,pop3,b
1,12000,pop3,c
1,12000,pop4,b
1,12000,pop4,c
1,12000,pop5,b
1,12000,pop5,c
1,12000,pop6,a
1,12000,pop6,b
1,12000,pop6,c
1,12000,pop7,a
1,12000,pop7,b
1,12000,pop7,c
1,12000,pop8,a
1,12000,pop8,b
1,12000,pop8,c
1,12000,pop9,b
1,12000,pop9,c
1,12000,pop10,a
1,12000,pop10,b
1,12000,pop10,c
1,12100,pop0,a
1,12100,pop0,b
1,12100,pop0,c
1,12100,pop1,a
1,12100,pop1,b
1,12100,pop1,c
1,12100,pop2,a
1,12100,pop2,b
1,12100,pop2,c
1,12100,pop3,a
1,12100,pop3,b
1,12100,pop3,c
1,12100,pop4,c
1,12100,pop5,b
1,12100,pop5,c
1,12100,pop6,a
1,12100,pop6,b
1,12100,pop6,c
1,12100,pop7,a
1,12100,pop7,b
1,12100,pop7,c
1,12100,pop8,a
1,12100,pop8,b
1,12100,pop8,c
1,12100,pop9,b
1,12100,pop9,c
1,12100,pop10,a
1,12100,pop10,b
1,12100,pop10,c
1,12200,pop0,a
1,12200,pop0,b
1,12200,pop0,c
1,12200,pop1,a
1,12200,pop1,b
1,12200,pop1,c
1,12200,pop2,a
1,12200,pop2,b
1,12200,pop2,c
1,12200,pop3,a
1,12200,pop3,b
1,12200,pop3,c
1,12200,pop4,b
1,12200,pop4,c
1,12200,pop5,b
1,12200,pop5,c
1,12200,pop6,a
1,12200,pop6,b
1,12200,pop6,c
1,12200,pop7,a
1,12200,pop7,b
1,12200,pop7,c
1,12200,pop8,a
1,12200,pop8,b
1,12200,pop8,c
1,12200,pop9,a
1,12200,pop9,b
1,12200,pop9,c
1,12200,pop10,a
1,12200,pop10,b
1,12200,pop10,c
1,12300,pop0,a
1,12300,pop0,b
1,12300,pop0,c
1,12300,pop1,a
1,12300,pop1,b
1,12300,pop1,c
1,12300,pop2,a
1,12300,pop2,b
1,12300,pop2,c
1,12300,pop3,a
1,12300,pop3,b
1,12300,pop3,c
1,12300,pop4,b
1,12300,pop4,c
1,12300,pop5,b
1,12300,pop5,c
1,12300,pop6,a
1,12300,pop6,b
1,12300,pop6,c
1,12300,pop7,a
1,12300,pop7,b
1,12300,pop7,c
1,12300,pop8,a
1,12300,pop8,b
1,12300,pop8,c
1,12300,pop9,a
1,12300,pop9,b
1,12300,pop9,c
1,12300,pop10,a
1,12300,pop10,b
1,12300,pop10,c
1,12400,pop0,a
1,12400,pop0,b
1,12400,pop0,c
1,12400,pop1,a
1,12400,pop1,b
1,12400,pop1,c
1,12400,pop2,a
1,12400,pop2,b
1,12400,pop2,c
1,12400,pop3,a
1,12400,pop3,b
1,12400,pop3,c
1,12400,pop4,c
1,12400,pop5,b
1,12400,pop5,c
1,12400,pop6,a
1,12400,pop6,b
1,12400,pop6,c
1,12400,pop7,a
1,12400,pop7,b
1,12400,pop7,c
1,12400,pop8,a
1,12400,pop8,b
1,12400,pop8,c
1,12400,pop9,b
1,12400,pop9,c
1,12400,pop10,a
1,12400,pop10,b
1,12400,pop10,c
1,12500,pop0,a
1,12500,pop0,b
1,12500,pop0,c
1,12500,pop1,a
1,12500,pop1,b
1,12500,pop1,c
1,12500,pop2,a
1,12500,pop2,b
1,12500,pop2,c
1,12500,pop3,a
1,12500,pop3,b
1,12500,pop3,c
1,12500,pop4,b
1,12500,pop4,c
1,12500,pop5,b
1,12500,pop5,c
1,12500,pop6,a
1,12500,pop6,b
1,12500,pop6,c
1,12500,pop7,a
1,12500,pop7,b
1,12500,pop7,c
1,12500,pop8,a
1,12500,pop8,b
1,12500,pop8,c
1,12500,pop9,a
1,12500,pop9,b
1,12500,pop9,c
1,12500,pop10,a
1,12500,pop10,b
1,12500,pop10,c
1,12600,pop0,a
1,12600,pop0,b
1,12600,pop1,a
1,12600,pop1,b
1,12600,pop1,c
1,12600,pop2,a
1,12600,pop2,b
1,12600,pop2,c
1,12600,pop3,a
1,12600,pop3,b
1,12600,pop3,c
1,12600,pop4,b
1,12600,pop4,c
1,12600,pop5,b
1,12600,pop5,c
1,12600,pop6,a
1,12600,pop6,b
1,12600,pop6,c
1,12600,pop7,a
1,12600,pop7,b
1,12600,pop7,c
1,12600,pop8,a
1,12600,pop8,b
1,12600,pop8,c
1,12600,pop9,a
1,12600,pop9,b
1,12600,pop9,c
1,12600,pop10,a
1,12600,pop10,b
1,12600,pop10,c
1,12700,pop0,a
1,12700,pop0,b
1,12700,pop0,c
1,12700,pop1,a
1,12700,pop1,b
1,12700,pop1,c
1,12700,pop2,a
1,12700,pop2,b
1,12700,pop2,c
1,12700,pop3,b
1,12700,pop3,c
1,12700,pop4,b
1,12700,pop4,c
1,12700,pop5,b
1,12700,pop5,c
1,12700,pop6,a
1,12700,pop6,b
1,12700,pop6,c
1,12700,pop7,a
1,12700,pop7,b
1,12700,pop7,c
1,12700,pop8,a
1,12700,pop8,b
1,12700,pop8,c
1,12700,pop9,a
1,12700,pop9,b
1,12700,pop9,c
1,12700,pop10,a
1,12700,pop10,b
1,12700,pop10,c
1,12800,pop0,a
1,12800,pop0,b
1,12800,pop0,c
1,12800,pop1,a
1,12800,pop1,b
1,12800,pop1,c
1,12800,pop2,a
1,12800,pop2,b
1,12800,pop2,c
1,12800,pop3,a
1,12800,pop3,b
1,12800,pop3,c
1,12800,pop4,b
1,12800,pop4,c
1,12800,pop5,b
1,12800,pop5,c
1,12800,pop6,a
1,12800,pop6,b
1,12800,pop6,c
1,12800,pop7,a
1,12800,pop7,b
1,12800,pop7,c
1,12800,pop8,a
1,12800,pop8,b
1,12800,pop8,c
1,12800,pop9,a
1,12800,pop9,b
1,12800,pop9,c
1,12800,pop10,a
1,12800,pop10,b
1,12800,pop10,c
1,12900,pop0,a
1,12900,pop0,b
1,12900,pop0,c
1,12900,pop1,a
1,12900,pop1,b
1,12900,pop1,c
1,12900,pop2,a
1,12900,pop2,b
1,12900,pop2,c
1,12900,pop3,a
1,12900,pop3,b
1,12900,pop3,c
1,12900,pop4,c
1,12900,pop5,b
1,12900,pop5,c
1,12900,pop6,a
1,12900,pop6,b
1,12900,pop6,c
1,12900,pop7,a
1,12900,pop7,b
1,12900,pop7,c
1,12900,pop8,a
1,12900,pop8,b
1,12900,pop8,c
1,12900,pop9,b
1,12900,pop9,c
1,12900,pop10,a
1,12900,pop10,b
1,12900,pop10,c
1,13000,pop0,a
1,13000,pop0,b
1,13000,pop1,a
1,13000,pop1,b
1,13000,pop1,c
1,13000,pop2,a
1,13000,pop2,b
1,13000,pop2,c
1,13000,pop3,a
1,13000,pop3,b
1,13000,pop3,c
1,13000,pop4,b
1,13000,pop4,c
1,13000,pop5,b
1,13000,pop5,c
1,13000,pop6,a
1,13000,pop6,b
1,13000,pop6,c
1,13000,pop7,a
1,13000,pop7,b
1,13000,pop7,c
1,13000,pop8,a
1,13000,pop8,b
1,13000,pop8,c
1,13000,pop9,b
1,13000,pop9,c
1,13000,pop10,a
1,13000,pop10,b
1,13000,pop10,c
1,13100,pop0,a
1,13100,pop0,b
1,13100,pop0,c
1,13100,pop1,a
1,13100,pop1,b
1,13100,pop1,c
1,13100,pop2,a
1,13100,pop2,b
1,13100,pop2,c
1,13100,pop3,a
1,13100,pop3,b
1,13100,pop3,c
1,13100,pop4,c
1,13100,pop5,b
1,13100,pop5,c
1,13100,pop6,a
1,13100,pop6,b
1,13100,pop6,c
1,13100,pop7,a
1,13100,pop7,b
1,13100,pop7,c
1,13100,pop8,a
1,13100,pop8,b
1,13100,pop8,c
1,13100,pop9,b
1,13100,pop9,c
1,13100,pop10,a
1,13100,pop10,b
1,13100,pop10,c
1,13200,pop0,a
1,13200,pop0,b
1,13200,pop0,c
1,13200,pop1,a
1,13200,pop1,b
1,13200,pop1,c
1,13200,pop2,a
1,13200,pop2,b
1,13200,pop2,c
1,13200,pop3,a
1,13200,pop3,b
1,13200,pop3,c
1,13200,pop4,c
1,13200,pop5,b
1,13200,pop5,c
1,13200,pop6,a
1,13200,pop6,b
1,13200,pop6,c
1,13200,pop7,a
1,13200,pop7,b
1,13200,pop7,c
1,13200,pop8,a
1,13200,pop8,b
1,13200,pop8,c
1,13200,pop9,b
1,13200,pop9,c
1,13200,pop10,a
1,13200,pop10,b
1,13200,pop10,c
1,13300,pop0,a
1,13300,pop0,b
1,13300,pop0,c
1,13300,pop1,a
1,13300,pop1,b
1,13300,pop1,c
1,13300,pop2,a
1,13300,pop2,b
1,13300,pop2,c
1,13300,pop3,a
1,13300,pop3,b
1,13300,pop3,c
1,13300,pop4,b
1,13300,pop4,c
1,13300,pop5,b
1,13300,pop5,c
1,13300,pop6,a
1,13300,pop6,b
1,13300,pop6,c
1,13300,pop7,a
1,13300,pop7,b
1,13300,pop7,c
1,13300,pop8,a
1,13300,pop8,b
1,13300,pop8,c
1,13300,pop9,a
1,13300,pop9,b
1,13300,pop9,c
1,13300,pop10,a
1,13300,pop10,b
1,13300,pop10,c
1,13400,pop0,a
1,13400,pop0,b
1,13400,pop0,c
1,13400,pop1,a
1,13400,pop1,b
1,13400,pop1,c
1,13400,pop2,a
1,13400,pop2,b
1,13400,pop2,c
1,13400,pop3,a
1,13400,pop3,b
1,13400,pop3,c
1,13400,pop4,c
1,13400,pop5,b
1,13400,pop5,c
1,13400,pop6,a
1,13400,pop6,b
1,13400,pop6,c
1,13400,pop7,a
1,13400,pop7,b
1,13400,pop7,c
1,13400,pop8,a
1,13400,pop8,b
1,13400,pop8,c
1,13400,pop9,b
1,13400,pop9,c
1,13400,pop10,a
1,13400,pop10,b
1,13400,pop10,c
1,13500,pop0,a
1,13500,pop0,b
1,13500,pop0,c
1,13500,pop1,a
1,13500,pop1,b
1,13500,pop1,c
1,13500,pop2,a
1,13500,pop2,b
1,13500,pop2,c
1,13500,pop3,a
1,13500,pop3,b
1,13500,pop3,c
1,13500,pop4,c
1,13500,pop5,b
1,13500,pop5,c
1,13500,pop6,a
1,13500,pop6,b
1,13500,pop6,c
1,13500,pop7,a
1,13500,pop7,b
1,13500,pop7,c
1,13500,pop8,a
1,13500,pop8,b
1,13500,pop8,c
1,13500,pop9,b
1,13500,pop9,c
1,13500,pop10,a
1,13500,pop10,b
1,13500,pop10,c
1,13600,pop0,a
1,13600,pop0,b
1,13600,pop0,c
1,13600,pop1,a
1,13600,pop1,b
1,13600,pop1,c
1,13600,pop2,a
1,13600,pop2,b
1,13600,pop2,c
1,13600,pop3,a
1,13600,pop3,b
1,13600,pop3,c
1,13600,pop4,c
1,13600,pop5,b
1,13600,pop5,c
1,13600,pop6,a
1,13600,pop6,b
1,13600,pop6,c
1,13600,pop7,a
1,13600,pop7,b
1,13600,pop7,c
1,13600,pop8,a
1,13600,pop8,b
1,13600,pop8,c
1,13600,pop9,b
1,13600,pop9,c
1,13600,pop10,a
1,13600,pop10,b
1,13600,pop10,c
1,13700,pop0,a
1,13700,pop0,b
1,13700,pop1,a
1,13700,pop1,b
1,13700,pop1,c
1,13700,pop2,a
1,13700,pop2,b
1,13700,pop2,c
1,13700,pop3,a
1,13700,pop3,b
1,13700,pop3,c
1,13700,pop4,b
1,13700,pop4,c
1,13700,pop5,b
1,13700,pop5,c
1,13700,pop6,a
1,13700,pop6,b
1,13700,pop6,c
1,13700,pop7,a
1,13700,pop7,b
1,13700,pop7,c
1,13700,pop8,a
1,13700,pop8,b
1,13700,pop8,c
1,13700,pop9,b
1,13700,pop9,c
1,13700,pop10,a
1,13700,pop10,b
1,13700,pop10,c
1,13800,pop0,a
1,13800,pop0,b
1,13800,pop1,a
1,13800,pop1,b
1,13800,pop1,c
1,13800,pop2,a
1,13800,pop2,b
1,13800,pop2,c
1,13800,pop3,a
1,13800,pop3,b
1,13800,pop3,c
1,13800,pop4,b
1,13800,pop4,c
1,13800,pop5,b
1,13800,pop5,c
1,13800,pop6,a
1,13800,pop6,b
1,13800,pop6,c
1,13800,pop7,a
1,13800,pop7,b
1,13800,pop7,c
1,13800,pop8,a
1,13800,pop8,b
1,13800,pop8,c
1,13800,pop9,a
1,13800,pop9,b
1,13800,pop9,c
1,13800,pop10,a
1,13800,pop10,b
1,13800,pop10,c
1,13900,pop0,a
1,13900,pop0,b
1,13900,pop0,c
1,13900,pop1,a
1,13900,pop1,b
1,13900,pop1,c
1,13900,pop2,a
1,13900,pop2,b
1,13900,pop2,c
1,13900,pop3,a
1,13900,pop3,b
1,13900,pop3,c
1,13900,pop4,b
1,13900,pop4,c
1,13900,pop5,b
1,13900,pop5,c
1,13900,pop6,a
1,13900,pop6,b
1,13900,pop6,c
1,13900,pop7,a
1,13900,pop7,b
1,13900,pop7,c
1,13900,pop8,a
1,13900,pop8,b
1,13900,pop8,c
1,13900,pop9,a
1,13900,pop9,b
1,13900,pop9,c
1,13900,pop10,a
1,13900,pop10,b
1,13900,pop10,c
1,14000,pop0,a
1,14000,pop0,b
1,14000,pop0,c
1,14000,pop1,a
1,14000,pop1,b
1,14000,pop1,c
1,14000,pop2,a
1,14000,pop2,b
1,14000,pop2,c
1,14000,pop3,a
1,14000,pop3,b
1,14000,pop3,c
1,14000,pop4,b
1,14000,pop4,c
1,14000,pop5,b
1,14000,pop5,c
1,14000,pop6,a
1,14000,pop6,b
1,14000,pop6,c
1,14000,pop7,a
1,14000,pop7,b
1,14000,pop7,c
1,14000,pop8,a
1,14000,pop8,b
1,14000,pop8,c
1,14000,pop9,a
1,14000,pop9,b
1,14000,pop9,c
1,14000,pop10,a
1,14000,pop10,b
1,14000,pop10,c
1,14100,pop0,b
1,14100,pop0,c
1,14100,pop1,a
1,14100,pop1,b
1,14100,pop1,c
1,14100,pop2,a
1,14100,pop2,b
1,14100,pop2,c
1,14100,pop3,a
1,14100,pop3,b
1,14100,pop3,c
1,14100,pop4,b
1,14100,pop4,c
1,14100,pop5,b
1,14100,pop5,c
1,14100,pop6,a
1,14100,pop6,b
1,14100,pop6,c
1,14100,pop7,a
1,14100,pop7,b
1,14100,pop7,c
1,14100,pop8,a
1,14100,pop8,b
1,14100,pop8,c
1,14100,pop9,a
1,14100,pop9,b
1,14100,pop9,c
1,14100,pop10,a
1,14100,pop10,b
1,14100,pop10,c
1,14200,pop0,a
1,14200,pop0,b
1,14200,pop0,c
1,14200,pop1,a
1,14200,pop1,b
1,14200,pop1,c
1,14200,pop2,a
1,14200,pop2,b
1,14200,pop2,c
1,14200,pop3,a
1,14200,pop3,b
1,14200,pop3,c
1,14200,pop4,b
1,14200,pop4,c
1,14200,pop5,b
1,14200,pop5,c
1,14200,pop6,a
1,14200,pop6,b
1,14200,pop6,c
1,14200,pop7,a
1,14200,pop7,b
1,14200,pop7,c
1,14200,pop8,a
1,14200,pop8,b
1,14200,pop8,c
1,14200,pop9,b
1,14200,pop9,c
1,14200,pop10,a
1,14200,pop10,b
1,14200,pop10,c
1,14300,pop0,a
1,14300,pop0,b
1,14300,pop0,c
1,14300,pop1,a
1,14300,pop1,b
1,14300,pop1,c
1,14300,pop2,a
1,14300,pop2,b
1,14300,pop2,c
1,14300,pop3,a
1,14300,pop3,b
1,14300,pop3,c
1,14300,pop4,c
1,14300,pop5,b
1,14300,pop5,c
1,14300,pop6,a
1,14300,pop6,b
1,14300,pop6,c
1,14300,pop7,a
1,14300,pop7,b
1,14300,pop7,c
1,14300,pop8,a
1,14300,pop8,b
1,14300,pop8,c
1,14300,pop9,b
1,14300,pop9,c
1,14300,pop10,a
1,14300,pop10,b
1,14300,pop10,c
1,14400,pop0,a
1,14400,pop0,b
1,14400,pop1,a
1,14400,pop1,b
1,14400,pop1,c
1,14400,pop2,a
1,14400,pop2,b
1,14400,pop2,c
1,14400,pop3,a
1,14400,pop3,b
1,14400,pop3,c
1,14400,pop4,b
1,14400,pop4,c
1,14400,pop5,b
1,14400,pop5,c
1,14400,pop6,a
1,14400,pop6,b
1,14400,pop6,c
1,14400,pop7,a
1,14400,pop7,b
1,14400,pop7,c
1,14400,pop8,a
1,14400,pop8,b
1,14400,pop8,c
1,14400,pop9,a
1,14400,pop9,b
1,14400,pop9,c
1,14400,pop10,a
1,14400,pop10,b
1,14400,pop10,c
1,14500,pop0,a
1,14500,pop0,b
1,14500,pop1,a
1,14500,pop1,b
1,14500,pop1,c
1,14500,pop2,a
1,14500,pop2,b
1,14500,pop2,c
1,14500,pop3,a
1,14500,pop3,b
1,14500,pop3,c
1,14500,pop4,c
1,14500,pop5,b
1,14500,pop5,c
1,14500,pop6,a
1,14500,pop6,b
1,14500,pop6,c
1,14500,pop7,a
1,14500,pop7,b
1,14500,pop7,c
1,14500,pop8,a
1,14500,pop8,b
1,14500,pop8,c
1,14500,pop9,b
1,14500,pop9,c
1,14500,pop10,a
1,14500,pop10,b
1,14500,pop10,c
1,14600,pop0,a
1,14600,pop0,b
1,14600,pop1,a
1,14600,pop1,b
1,14600,pop1,c
1,14600,pop2,a
1,14600,pop2,b
1,14600,pop2,c
1,14600,pop3,a
1,14600,pop3,b
1,14600,pop3,c
1,14600,pop4,b
1,14600,pop4,c
1,14600,pop5,b
1,14600,pop5,c
1,14600,pop6,a
1,14600,pop6,b
1,14600,pop6,c
1,14600,pop7,a
1,14600,pop7,b
1,14600,pop7,c
1,14600,pop8,a
1,14600,pop8,b
1,14600,pop8,c
1,14600,pop9,b
1,14600,pop9,c
1,14600,pop10,a
1,14600,pop10,b
1,14600,pop10,c
1,14700,pop0,a
1,14700,pop0,b
1,14700,pop0,c
1,14700,pop1,a
1,14700,pop1,b
1,14700,pop1,c
1,14700,pop2,a
1,14700,pop2,b
1,14700,pop2,c
1,14700,pop3,a
1,14700,pop3,b
1,14700,pop3,c
1,14700,pop4,a
1,14700,pop4,b
1,14700,pop4,c
1,14700,pop5,b
1,14700,pop5,c
1,14700,pop6,a
1,14700,pop6,b
1,14700,pop6,c
1,14700,pop7,a
1,14700,pop7,b
1,14700,pop7,c
1,14700,pop8,a
1,14700,pop8,b
1,14700,pop8,c
1,14700,pop9,a
1,14700,pop9,b
1,14700,pop9,c
1,14700,pop10,a
1,14700,pop10,b
1,14700,pop10,c
1,14800,pop0,a
1,14800,pop0,b
1,14800,pop0,c
1,14800,pop1,a
1,14800,pop1,b
1,14800,pop1,c
1,14800,pop2,a
1,14800,pop2,b
1,14800,pop2,c
1,14800,pop3,a
1,14800,pop3,b
1,14800,pop3,c
1,14800,pop4,b
1,14800,pop4,c
1,14800,pop5,b
1,14800,pop5,c
1,14800,pop6,a
1,14800,pop6,b
1,14800,pop6,c
1,14800,pop7,a
1,14800,pop7,b
1,14800,pop7,c
1,14800,pop8,a
1,14800,pop8,b
1,14800,pop8,c
1,14800,pop9,a
1,14800,pop9,b
1,14800,pop9,c
1,14800,pop10,a
1,14800,pop10,b
1,14800,pop10,c
1,14900,pop0,a
1,14900,pop0,b
1,14900,pop0,c
1,14900,pop1,a
1,14900,pop1,b
1,14900,pop1,c
1,14900,pop2,a
1,14900,pop2,b
1,14900,pop2,c
1,14900,pop3,a
1,14900,pop3,b
1,14900,pop3,c
1,14900,pop4,b
1,14900,pop4,c
1,14900,pop5,b
1,14900,pop5,c
1,14900,pop6,a
1,14900,pop6,b
1,14900,pop6,c
1,14900,pop7,a
1,14900,pop7,b
1,14900,pop7,c
1,14900,pop8,a
1,14900,pop8,b
1,14900,pop8,c
1,14900,pop9,a
1,14900,pop9,b
1,14900,pop9,c
1,14900,pop10,a
1,14900,pop10,b
1,14900,pop10,c
1,15000,pop0,a
1,15000,pop0,b
1,15000,pop0,c
1,15000,pop1,a
1,15000,pop1,b
1,15000,pop1,c
1,15000,pop2,a
1,15000,pop2,b
1,15000,pop2,c
1,15000,pop3,a
1,15000,pop3,b
1,15000,pop3,c
1,15000,pop4,b
1,15000,pop4,c
1,15000,pop5,b
1,15000,pop5,c
1,15000,pop6,a
1,15000,pop6,b
1,15000,pop6,c
1,15000,pop7,a
1,15000,pop7,b
1,15000,pop7,c
1,15000,pop8,a
1,15000,pop8,b
1,15000,pop8,c
1,15000,pop9,a
1,15000,pop9,b
1,15000,pop9,c
1,15000,pop10,a
1,15000,pop10,b
1,15000,pop10,c
1,15100,pop0,a
1,15100,pop0,b
1,15100,pop0,c
1,15100,pop1,a
1,15100,pop1,b
1,15100,pop1,c
1,15100,pop2,a
1,15100,pop2,b
1,15100,pop2,c
1,15100,pop3,a
1,15100,pop3,b
1,15100,pop3,c
1,15100,pop4,b
1,15100,pop4,c
1,15100,pop5,b
1,15100,pop5,c
1,15100,pop6,a
1,15100,pop6,b
1,15100,pop6,c
1,15100,pop7,a
1,15100,pop7,b
1,15100,pop7,c
1,15100,pop8,a
1,15100,pop8,b
1,15100,pop8,c
1,15100,pop9,a
1,15100,pop9,b
1,15100,pop9,c
1,15100,pop10,a
1,15100,pop10,b
1,15100,pop10,c
1,15200,pop0,a
1,15200,pop0,b
1,15200,pop0,c
1,15200,pop1,a
1,15200,pop1,b
1,15200,pop1,c
1,15200,pop2,a
1,15200,pop2,b
1,15200,pop2,c
1,15200,pop3,a
1,15200,pop3,b
1,15200,pop3,c
1,15200,pop4,b
1,15200,pop4,c
1,15200,pop5,b
1,15200,pop5,c
1,15200,pop6,a
1,15200,pop6,b
1,15200,pop6,c
1,15200,pop7,a
1,15200,pop7,b
1,15200,pop7,c
1,15200,pop8,a
1,15200,pop8,b
1,15200,pop8,c
1,15200,pop9,a
1,15200,pop9,b
1,15200,pop9,c
1,15200,pop10,a
1,15200,pop10,b
1,15200,pop10,c
1,15300,pop0,a
1,15300,pop0,b
1,15300,pop0,c
1,15300,pop1,a
1,15300,pop1,b
1,15300,pop1,c
1,15300,pop2,a
1,15300,pop2,b
1,15300,pop2,c
1,15300,pop3,a
1,15300,pop3,b
1,15300,pop3,c
1,15300,pop4,b
1,15300,pop4,c
1,15300,pop5,b
1,15300,pop5,c
1,15300,pop6,a
1,15300,pop6,b
1,15300,pop6,c
1,15300,pop7,a
1,15300,pop7,b
1,15300,pop7,c
1,15300,pop8,a
1,15300,pop8,b
1,15300,pop8,c
1,15300,pop9,a
1,15300,pop9,b
1,15300,pop9,c
1,15300,pop10,a
1,15300,pop10,b
1,15300,pop10,c
1,15400,pop0,a
1,15400,pop0,b
1,15400,pop0,c
1,15400,pop1,a
1,15400,pop1,b
1,15400,pop1,c
1,15400,pop2,a
1,15400,pop2,b
1,15400,pop2,c
1,15400,pop3,a
1,15400,pop3,b
1,15400,pop3,c
1,15400,pop4,c
1,15400,pop5,b
1,15400,pop5,c
1,15400,pop6,a
1,15400,pop6,b
1,15400,pop6,c
1,15400,pop7,a
1,15400,pop7,b
1,15400,pop7,c
1,15400,pop8,a
1,15400,pop8,b
1,15400,pop8,c
1,15400,pop9,b
1,15400,pop9,c
1,15400,pop10,a
1,15400,pop10,b
1,15400,pop10,c
1,15500,pop0,a
1,15500,pop0,b
1,15500,pop0,c
1,15500,pop1,a
1,15500,pop1,b
1,15500,pop1,c
1,15500,pop2,a
1,15500,pop2,b
1,15500,pop2,c
1,15500,pop3,a
1,15500,pop3,b
1,15500,pop3,c
1,15500,pop4,c
1,15500,pop5,b
1,15500,pop5,c
1,15500,pop6,a
1,15500,pop6,b
1,15500,pop6,c
1,15500,pop7,a
1,15500,pop7,b
1,15500,pop7,c
1,15500,pop8,a
1,15500,pop8,b
1,15500,pop8,c
1,15500,pop9,b
1,15500,pop9,c
1,15500,pop10,a
1,15500,pop10,b
1,15500,pop10,c
1,15600,pop0,a
1,15600,pop0,b
1,15600,pop1,a
1,15600,pop1,b
1,15600,pop1,c
1,15600,pop2,a
1,15600,pop2,b
1,15600,pop2,c
1,15600,pop3,a
1,15600,pop3,b
1,15600,pop3,c
1,15600,pop4,b
1,15600,pop4,c
1,15600,pop5,b
1,15600,pop5,c
1,15600,pop6,a
1,15600,pop6,b
1,15600,pop6,c
1,15600,pop7,a
1,15600,pop7,b
1,15600,pop7,c
1,15600,pop8,a
1,15600,pop8,b
1,15600,pop8,c
1,15600,pop9,a
1,15600,pop9,b
1,15600,pop9,c
1,15600,pop10,a
1,15600,pop10,b
1,15600,pop10,c
1,15700,pop0,a
1,15700,pop0,b
1,15700,pop0,c
1,15700,pop1,a
1,15700,pop1,b
1,15700,pop1,c
1,15700,pop2,a
1,15700,pop2,b
1,15700,pop2,c
1,15700,pop3,a
1,15700,pop3,b
1,15700,pop3,c
1,15700,pop4,b
1,15700,pop4,c
1,15700,pop5,b
1,15700,pop5,c
1,15700,pop6,a
1,15700,pop6,b
1,15700,pop6,c
1,15700,pop7,a
1,15700,pop7,b
1,15700,pop7,c
1,15700,pop8,a
1,15700,pop8,b
1,15700,pop8,c
1,15700,pop9,a
1,15700,pop9,b
1,15700,pop9,c
1,15700,pop10,a
1,15700,pop10,b
1,15700,pop10,c
1,15800,pop0,a
1,15800,pop0,b
1,15800,pop0,c
1,15800,pop1,a
1,15800,pop1,b
1,15800,pop1,c
1,15800,pop2,a
1,15800,pop2,b
1,15800,pop2,c
1,15800,pop3,a
1,15800,pop3,b
1,15800,pop3,c
1,15800,pop4,b
1,15800,pop4,c
1,15800,pop5,b
1,15800,pop5,c
1,15800,pop6,a
1,15800,pop6,b
1,15800,pop6,c
1,15800,pop7,a
1,15800,pop7,b
1,15800,pop7,c
1,15800,pop8,a
1,15800,pop8,b
1,15800,pop8,c
1,15800,pop9,a
1,15800,pop9,b
1,15800,pop9,c
1,15800,pop10,a
1,15800,pop10,b
1,15800,pop10,c
1,15900,pop0,a
1,15900,pop0,b
1,15900,pop1,a
1,15900,pop1,b
1,15900,pop1,c
1,15900,pop2,a
1,15900,pop2,b
1,15900,pop2,c
1,15900,pop3,a
1,15900,pop3,b
1,15900,pop3,c
1,15900,pop4,b
1,15900,pop4,c
1,15900,pop5,b
1,15900,pop5,c
1,15900,pop6,a
1,15900,pop6,b
1,15900,pop6,c
1,15900,pop7,a
1,15900,pop7,b
1,15900,pop7,c
1,15900,pop8,a
1,15900,pop8,b
1,15900,pop8,c
1,15900,pop9,a
1,15900,pop9,b
1,15900,pop9,c
1,15900,pop10,a
1,15900,pop10,b
1,15900,pop10,c
1,16000,pop0,a
1,16000,pop0,b
1,16000,pop0,c
1,16000,pop1,a
1,16000,pop1,b
1,16000,pop1,c
1,16000,pop2,a
1,16000,pop2,b
1,16000,pop2,c
1,16000,pop3,a
1,16000,pop3,b
1,16000,pop3,c
1,16000,pop4,b
1,16000,pop4,c
1,16000,pop5,b
1,16000,pop5,c
1,16000,pop6,a
1,16000,pop6,b
1,16000,pop6,c
1,16000,pop7,a
1,16000,pop7,b
1,16000,pop7,c
1,16000,pop8,a
1,16000,pop8,b
1,16000,pop8,c
1,16000,pop9,a
1,16000,pop9,b
1,16000,pop9,c
1,16000,pop10,a
1,16000,pop10,b
1,16000,pop10,c
1,16100,pop0,a
1,16100,pop0,b
1,16100,pop0,c
1,16100,pop1,a
1,16100,pop1,b
1,16100,pop1,c
1,16100,pop2,a
1,16100,pop2,b
1,16100,pop2,c
1,16100,pop3,a
1,16100,pop3,b
1,16100,pop3,c
1,16100,pop4,c
1,16100,pop5,b
1,16100,pop5,c
1,16100,pop6,a
1,16100,pop6,b
1,16100,pop6,c
1,16100,pop7,a
1,16100,pop7,b
1,16100,pop7,c
1,16100,pop8,a
1,16100,pop8,b
1,16100,pop8,c
1,16100,pop9,b
1,16100,pop9,c
1,16100,pop10,a
1,16100,pop10,b
1,16100,pop10,c
1,16200,pop0,a
1,16200,pop0,b
1,16200,pop0,c
1,16200,pop1,a
1,16200,pop1,b
1,16200,pop1,c
1,16200,pop2,a
1,16200,pop2,b
1,16200,pop2,c
1,16200,pop3,a
1,16200,pop3,b
1,16200,pop3,c
1,16200,pop4,b
1,16200,pop4,c
1,16200,pop5,b
1,16200,pop5,c
1,16200,pop6,a
1,16200,pop6,b
1,16200,pop6,c
1,16200,pop7,a
1,16200,pop7,b
1,16200,pop7,c
1,16200,pop8,a
1,16200,pop8,b
1,16200,pop8,c
1,16200,pop9,b
1,16200,pop9,c
1,16200,pop10,a
1,16200,pop10,b
1,16200,pop10,c
1,16300,pop0,a
1,16300,pop0,b
1,16300,pop0,c
1,16300,pop1,a
1,16300,pop1,b
1,16300,pop1,c
1,16300,pop2,a
1,16300,pop2,b
1,16300,pop2,c
1,16300,pop3,a
1,16300,pop3,b
1,16300,pop3,c
1,16300,pop4,b
1,16300,pop4,c
1,16300,pop5,b
1,16300,pop5,c
1,16300,pop6,a
1,16300,pop6,b
1,16300,pop6,c
1,16300,pop7,a
1,16300,pop7,b
1,16300,pop7,c
1,16300,pop8,a
1,16300,pop8,b
1,16300,pop8,c
1,16300,pop9,a
1,16300,pop9,b
1,16300,pop9,c
1,16300,pop10,a
1,16300,pop10,b
1,16300,pop10,c
1,16400,pop0,a
1,16400,pop0,b
1,16400,pop0,c
1,16400,pop1,a
1,16400,pop1,b
1,16400,pop1,c
1,16400,pop2,a
1,16400,pop2,b
1,16400,pop2,c
1,16400,pop3,a
1,16400,pop3,b
1,16400,pop3,c
1,16400,pop4,b
1,16400,pop4,c
1,16400,pop5,b
1,16400,pop5,c
1,16400,pop6,a
1,16400,pop6,b
1,16400,pop6,c
1,16400,pop7,a
1,16400,pop7,b
1,16400,pop7,c
1,16400,pop8,a
1,16400,pop8,b
1,16400,pop8,c
1,16400,pop9,a
1,16400,pop9,b
1,16400,pop9,c
1,16400,pop10,a
1,16400,pop10,b
1,16400,pop10,c
1,16500,pop0,a
1,16500,pop0,b
1,16500,pop0,c
1,16500,pop1,a
1,16500,pop1,b
1,16500,pop1,c
1,16500,pop2,a
1,16500,pop2,b
1,16500,pop2,c
1,16500,pop3,a
1,16500,pop3,b
1,16500,pop3,c
1,16500,pop4,b
1,16500,pop4,c
1,16500,pop5,b
1,16500,pop5,c
1,16500,pop6,a
1,16500,pop6,b
1,16500,pop6,c
1,16500,pop7,a
1,16500,pop7,b
1,16500,pop7,c
1,16500,pop8,a
1,16500,pop8,b
1,16500,pop8,c
1,16500,pop9,a
1,16500,pop9,b
1,16500,pop9,c
1,16500,pop10,a
1,16500,pop10,b
1,16500,pop10,c
1,16600,pop0,a
1,16600,pop0,b
1,16600,pop0,c
1,16600,pop1,a
1,16600,pop1,b
1,16600,pop1,c
1,16600,pop2,a
1,16600,pop2,b
1,16600,pop2,c
1,16600,pop3,a
1,16600,pop3,b
1,16600,pop3,c
1,16600,pop4,b
1,16600,pop4,c
1,16600,pop5,b
1,16600,pop5,c
1,16600,pop6,a
1,16600,pop6,b
1,16600,pop6,c
1,16600,pop7,a
1,16600,pop7,b
1,16600,pop7,c
1,16600,pop8,a
1,16600,pop8,b
1,16600,pop8,c
1,16600,pop9,a
1,16600,pop9,b
1,16600,pop9,c
1,16600,pop10,a
1,16600,pop10,b
1,16600,pop10,c
1,16700,pop0,a
1,16700,pop0,b
1,16700,pop0,c
1,16700,pop1,a
1,16700,pop1,b
1,16700,pop1,c
1,16700,pop2,a
1,16700,pop2,b
1,16700,pop2,c
1,16700,pop3,a
1,16700,pop3,b
1,16700,pop3,c
1,16700,pop4,b
1,16700,pop4,c
1,16700,pop5,b
1,16700,pop5,c
1,16700,pop6,a
1,16700,pop6,b
1,16700,pop6,c
1,16700,pop7,a
1,16700,pop7,b
1,16700,pop7,c
1,16700,pop8,a
1,16700,pop8,b
1,16700,pop8,c
1,16700,pop9,a
1,16700,pop9,b
1,16700,pop9,c
1,16700,pop10,a
1,16700,pop10,b
1,16700,pop10,c
1,16800,pop0,a
1,16800,pop0,b
1,16800,pop0,c
1,16800,pop1,a
1,16800,pop1,b
1,16800,pop1,c
1,16800,pop2,a
1,16800,pop2,b
1,16800,pop2,c
1,16800,pop3,a
1,16800,pop3,b
1,16800,pop3,c
1,16800,pop4,b
1,16800,pop4,c
1,16800,pop5,b
1,16800,pop5,c
1,16800,pop6,a
1,16800,pop6,b
1,16800,pop6,c
1,16800,pop7,a
1,16800,pop7,b
1,16800,pop7,c
1,16800,pop8,a
1,16800,pop8,b
1,16800,pop8,c
1,16800,pop9,a
1,16800,pop9,b
1,16800,pop9,c
1,16800,pop10,a
1,16800,pop10,b
1,16800,pop10,c
1,16900,pop0,a
1,16900,pop0,b
1,16900,pop0,c
1,16900,pop1,a
1,16900,pop1,b
1,16900,pop1,c
1,16900,pop2,a
1,16900,pop2,b
1,16900,pop2,c
1,16900,pop3,a
1,16900,pop3,b
1,16900,pop3,c
1,16900,pop4,b
1,16900,pop4,c
1,16900,pop5,b
1,16900,pop5,c
1,16900,pop6,a
1,16900,pop6,b
1,16900,pop6,c
1,16900,pop7,a
1,16900,pop7,b
1,16900,pop7,c
1,16900,pop8,a
1,16900,pop8,b
1,16900,pop8,c
1,16900,pop9,a
1,16900,pop9,b
1,16900,pop9,c
1,16900,pop10,a
1,16900,pop10,b
1,16900,pop10,c
1,17000,pop0,a
1,17000,pop0,b
1,17000,pop0,c
1,17000,pop1,a
1,17000,pop1,b
1,17000,pop1,c
1,17000,pop2,a
1,17000,pop2,b
1,17000,pop2,c
1,17000,pop3,a
1,17000,pop3,b
1,17000,pop3,c
1,17000,pop4,b
1,17000,pop4,c
1,17000,pop5,b
1,17000,pop5,c
1,17000,pop6,a
1,17000,pop6,b
1,17000,pop6,c
1,17000,pop7,a
1,17000,pop7,b
1,17000,pop7,c
1,17000,pop8,a
1,17000,pop8,b
1,17000,pop8,c
1,17000,pop9,b
1,17000,pop9,c
1,17000,pop10,a
1,17000,pop10,b
1,17000,pop10,c
1,17100,pop0,a
1,17100,pop0,b
1,17100,pop0,c
1,17100,pop1,a
1,17100,pop1,b
1,17100,pop1,c
1,17100,pop2,a
1,17100,pop2,b
1,17100,pop2,c
1,17100,pop3,a
1,17100,pop3,b
1,17100,pop3,c
1,17100,pop4,b
1,17100,pop4,c
1,17100,pop5,b
1,17100,pop5,c
1,17100,pop6,a
1,17100,pop6,b
1,17100,pop6,c
1,17100,pop7,a
1,17100,pop7,b
1,17100,pop7,c
1,17100,pop8,a
1,17100,pop8,b
1,17100,pop8,c
1,17100,pop9,b
1,17100,pop9,c
1,17100,pop10,a
1,17100,pop10,b
1,17100,pop10,c
1,17200,pop0,b
1,17200,pop0,c
1,17200,pop1,a
1,17200,pop1,b
1,17200,pop1,c
1,17200,pop2,a
1,17200,pop2,b
1,17200,pop2,c
1,17200,pop3,a
1,17200,pop3,b
1,17200,pop3,c
1,17200,pop4,b
1,17200,pop4,c
1,17200,pop5,b
1,17200,pop5,c
1,17200,pop6,a
1,17200,pop6,b
1,17200,pop6,c
1,17200,pop7,a
1,17200,pop7,b
1,17200,pop7,c
1,17200,pop8,a
1,17200,pop8,b
1,17200,pop8,c
1,17200,pop9,a
1,17200,pop9,b
1,17200,pop9,c
1,17200,pop10,a
1,17200,pop10,b
1,17200,pop10,c
1,17300,pop0,a
1,17300,pop0,b
1,17300,pop0,c
1,17300,pop1,a
1,17300,pop1,b
1,17300,pop1,c
1,17300,pop2,a
1,17300,pop2,b
1,17300,pop2,c
1,17300,pop3,a
1,17300,pop3,b
1,17300,pop3,c
1,17300,pop4,b
1,17300,pop4,c
1,17300,pop5,b
1,17300,pop5,c
1,17300,pop6,a
1,17300,pop6,b
1,17300,pop6,c
1,17300,pop7,a
1,17300,pop7,b
1,17300,pop7,c
1,17300,pop8,a
1,17300,pop8,b
1,17300,pop8,c
1,17300,pop9,a
1,17300,pop9,b
1,17300,pop9,c
1,17300,pop10,a
1,17300,pop10,b
1,17300,pop10,c
1,17400,pop0,b
1,17400,pop0,c
1,17400,pop1,a
1,17400,pop1,b
1,17400,pop1,c
1,17400,pop2,a
1,17400,pop2,b
1,17400,pop2,c
1,17400,pop3,a
1,17400,pop3,b
1,17400,pop3,c
1,17400,pop4,b
1,17400,pop4,c
1,17400,pop5,b
1,17400,pop5,c
1,17400,pop6,a
1,17400,pop6,b
1,17400,pop6,c
1,17400,pop7,a
1,17400,pop7,b
1,17400,pop7,c
1,17400,pop8,a
1,17400,pop8,b
1,17400,pop8,c
1,17400,pop9,a
1,17400,pop9,b
1,17400,pop9,c
1,17400,pop10,a
1,17400,pop10,b
1,17400,pop10,c
1,17500,pop0,a
1,17500,pop0,b
1,17500,pop0,c
1,17500,pop1,a
1,17500,pop1,b
1,17500,pop1,c
1,17500,pop2,a
1,17500,pop2,b
1,17500,pop2,c
1,17500,pop3,a
1,17500,pop3,b
1,17500,pop3,c
1,17500,pop4,b
1,17500,pop4,c
1,17500,pop5,b
1,17500,pop5,c
1,17500,pop6,a
1,17500,pop6,b
1,17500,pop6,c
1,17500,pop7,a
1,17500,pop7,b
1,17500,pop7,c
1,17500,pop8,a
1,17500,pop8,b
1,17500,pop8,c
1,17500,pop9,a
1,17500,pop9,b
1,17500,pop9,c
1,17500,pop10,a
1,17500,pop10,b
1,17500,pop10,c
1,17600,pop0,a
1,17600,pop0,b
1,17600,pop0,c
1,17600,pop1,a
1,17600,pop1,b
1,17600,pop1,c
1,17600,pop2,a
1,17600,pop2,b
1,17600,pop2,c
1,17600,pop3,a
1,17600,pop3,b
1,17600,pop3,c
1,17600,pop4,b
1,17600,pop4,c
1,17600,pop5,b
1,17600,pop5,c
1,17600,pop6,a
1,17600,pop6,b
1,17600,pop6,c
1,17600,pop7,a
1,17600,pop7,b
1,17600,pop7,c
1,17600,pop8,a
1,17600,pop8,b
1,17600,pop8,c
1,17600,pop9,a
1,17600,pop9,b
1,17600,pop9,c
1,17600,pop10,a
1,17600,pop10,b
1,17600,pop10,c
1,17700,pop0,a
1,17700,pop0,b
1,17700,pop0,c
1,17700,pop1,a
1,17700,pop1,b
1,17700,pop1,c
1,17700,pop2,a
1,17700,pop2,b
1,17700,pop2,c
1,17700,pop3,a
1,17700,pop3,b
1,17700,pop3,c
1,17700,pop4,b
1,17700,pop4,c
1,17700,pop5,b
1,17700,pop5,c
1,17700,pop6,a
1,17700,pop6,b
1,17700,pop6,c
1,17700,pop7,a
1,17700,pop7,b
1,17700,pop7,c
1,17700,pop8,a
1,17700,pop8,b
1,17700,pop8,c
1,17700,pop9,a
1,17700,pop9,b
1,17700,pop9,c
1,17700,pop10,a
1,17700,pop10,b
1,17700,pop10,c
1,17800,pop0,a
1,17800,pop0,b
1,17800,pop0,c
1,17800,pop1,a
1,17800,pop1,b
1,17800,pop1,c
1,17800,pop2,a
1,17800,pop2,b
1,17800,pop2,c
1,17800,pop3,a
1,17800,pop3,b
1,17800,pop3,c
1,17800,pop4,c
1,17800,pop5,b
1,17800,pop5,c
1,17800,pop6,a
1,17800,pop6,b
1,17800,pop6,c
1,17800,pop7,a
1,17800,pop7,b
1,17800,pop7,c
1,17800,pop8,a
1,17800,pop8,b
1,17800,pop8,c
1,17800,pop9,b
1,17800,pop9,c
1,17800,pop10,a
1,17800,pop10,b
1,17800,pop10,c
1,17900,pop0,a
1,17900,pop0,b
1,17900,pop0,c
1,17900,pop1,a
1,17900,pop1,b
1,17900,pop1,c
1,17900,pop2,a
1,17900,pop2,b
1,17900,pop2,c
1,17900,pop3,a
1,17900,pop3,b
1,17900,pop3,c
1,17900,pop4,b
1,17900,pop4,c
1,17900,pop5,b
1,17900,pop5,c
1,17900,pop6,a
1,17900,pop6,b
1,17900,pop6,c
1,17900,pop7,a
1,17900,pop7,b
1,17900,pop7,c
1,17900,pop8,a
1,17900,pop8,b
1,17900,pop8,c
1,17900,pop9,a
1,17900,pop9,b
1,17900,pop9,c
1,17900,pop10,a
1,17900,pop10,b
1,17900,pop10,c
1,18000,pop0,a
1,18000,pop0,b
1,18000,pop0,c
1,18000,pop1,a
1,18000,pop1,b
1,18000,pop1,c
1,18000,pop2,a
1,18000,pop2,b
1,18000,pop2,c
1,18000,pop3,a
1,18000,pop3,b
1,18000,pop3,c
1,18000,pop4,b
1,18000,pop4,c
1,18000,pop5,b
1,18000,pop5,c
1,18000,pop6,a
1,18000,pop6,b
1,18000,pop6,c
1,18000,pop7,a
1,18000,pop7,b
1,18000,pop7,c
1,18000,pop8,a
1,18000,pop8,b
1,18000,pop8,c
1,18000,pop9,a
1,18000,pop9,b
1,18000,pop9,c
1,18000,pop10,a
1,18000,pop10,b
1,18000,pop10,c
1,18100,pop0,a
1,18100,pop0,b
1,18100,pop1,a
1,18100,pop1,b
1,18100,pop1,c
1,18100,pop2,a
1,18100,pop2,b
1,18100,pop2,c
1,18100,pop3,a
1,18100,pop3,b
1,18100,pop3,c
1,18100,pop4,b
1,18100,pop4,c
1,18100,pop5,b
1,18100,pop5,c
1,18100,pop6,a
1,18100,pop6,b
1,18100,pop6,c
1,18100,pop7,a
1,18100,pop7,b
1,18100,pop7,c
1,18100,pop8,a
1,18100,pop8,b
1,18100,pop8,c
1,18100,pop9,a
1,18100,pop9,b
1,18100,pop9,c
1,18100,pop10,a
1,18100,pop10,b
1,18100,pop10,c
1,18200,pop0,a
1,18200,pop0,b
1,18200,pop0,c
1,18200,pop1,a
1,18200,pop1,b
1,18200,pop1,c
1,18200,pop2,a
1,18200,pop2,b
1,18200,pop2,c
1,18200,pop3,a
1,18200,pop3,b
1,18200,pop3,c
1,18200,pop4,b
1,18200,pop4,c
1,18200,pop5,b
1,18200,pop5,c
1,18200,pop6,a
1,18200,pop6,b
1,18200,pop6,c
1,18200,pop7,a
1,18200,pop7,b
1,18200,pop7,c
1,18200,pop8,a
1,18200,pop8,b
1,18200,pop8,c
1,18200,pop9,a
1,18200,pop9,b
1,18200,pop9,c
1,18200,pop10,a
1,18200,pop10,b
1,18200,pop10,c
1,18300,pop0,a
1,18300,pop0,b
1,18300,pop0,c
1,18300,pop1,a
1,18300,pop1,b
1,18300,pop1,c
1,18300,pop2,a
1,18300,pop2,b
1,18300,pop2,c
1,18300,pop3,a
1,18300,pop3,b
1,18300,pop3,c
1,18300,pop4,c
1,18300,pop5,b
1,18300,pop5,c
1,18300,pop6,a
1,18300,pop6,b
1,18300,pop6,c
1,18300,pop7,a
1,18300,pop7,b
1,18300,pop7,c
1,18300,pop8,a
1,18300,pop8,b
1,18300,pop8,c
1,18300,pop9,b
1,18300,pop9,c
1,18300,pop10,a
1,18300,pop10,b
1,18300,pop10,c
1,18400,pop0,a
1,18400,pop0,b
1,18400,pop1,a
1,18400,pop1,b
1,18400,pop1,c
1,18400,pop2,a
1,18400,pop2,b
1,18400,pop2,c
1,18400,pop3,a
1,18400,pop3,b
1,18400,pop3,c
1,18400,pop4,c
1,18400,pop5,b
1,18400,pop5,c
1,18400,pop6,a
1,18400,pop6,b
1,18400,pop6,c
1,18400,pop7,a
1,18400,pop7,b
1,18400,pop7,c
1,18400,pop8,a
1,18400,pop8,b
1,18400,pop8,c
1,18400,pop9,b
1,18400,pop9,c
1,18400,pop10,a
1,18400,pop10,b
1,18400,pop10,c
1,18500,pop0,a
1,18500,pop0,b
1,18500,pop0,c
1,18500,pop1,a
1,18500,pop1,b
1,18500,pop1,c
1,18500,pop2,a
1,18500,pop2,b
1,18500,pop2,c
1,18500,pop3,a
1,18500,pop3,b
1,18500,pop3,c
1,18500,pop4,b
1,18500,pop4,c
1,18500,pop5,b
1,18500,pop5,c
1,18500,pop6,a
1,18500,pop6,b
1,18500,pop6,c
1,18500,pop7,a
1,18500,pop7,b
1,18500,pop7,c
1,18500,pop8,a
1,18500,pop8,b
1,18500,pop8,c
1,18500,pop9,b
1,18500,pop9,c
1,18500,pop10,a
1,18500,pop10,b
1,18500,pop10,c
1,18600,pop0,b
1,18600,pop1,a
1,18600,pop1,b
1,18600,pop1,c
1,18600,pop2,a
1,18600,pop2,b
1,18600,pop2,c
1,18600,pop3,a
1,18600,pop3,b
1,18600,pop3,c
1,18600,pop4,c
1,18600,pop5,b
1,18600,pop5,c
1,18600,pop6,a
1,18600,pop6,b
1,18600,pop6,c
1,18600,pop7,a
1,18600,pop7,b
1,18600,pop7,c
1,18600,pop8,a
1,18600,pop8,b
1,18600,pop8,c
1,18600,pop9,b
1,18600,pop9,c
1,18600,pop10,a
1,18600,pop10,b
1,18600,pop10,c
1,18700,pop0,a
1,18700,pop0,b
1,18700,pop0,c
1,18700,pop1,a
1,18700,pop1,b
1,18700,pop1,c
1,18700,pop2,a
1,18700,pop2,b
1,18700,pop2,c
1,18700,pop3,a
1,18700,pop3,b
1,18700,pop3,c
1,18700,pop4,b
1,18700,pop4,c
1,18700,pop5,b
1,18700,pop5,c
1,18700,pop6,a
1,18700,pop6,b
1,18700,pop6,c
1,18700,pop7,a
1,18700,pop7,b
1,18700,pop7,c
1,18700,pop8,a
1,18700,pop8,b
1,18700,pop8,c
1,18700,pop9,a
1,18700,pop9,b
1,18700,pop9,c
1,18700,pop10,a
1,18700,pop10,b
1,18700,pop10,c
1,18800,pop0,a
1,18800,pop0,b
1,18800,pop0,c
1,18800,pop1,a
1,18800,pop1,b
1,18800,pop1,c
1,18800,pop2,a
1,18800,pop2,b
1,18800,pop2,c
1,18800,pop3,a
1,18800,pop3,b
1,18800,pop3,c
1,18800,pop4,c
1,18800,pop5,b
1,18800,pop5,c
1,18800,pop6,a
1,18800,pop6,b
1,18800,pop6,c
1,18800,pop7,a
1,18800,pop7,b
1,18800,pop7,c
1,18800,pop8,a
1,18800,pop8,b
1,18800,pop8,c
1,18800,pop9,b
1,18800,pop9,c
1,18800,pop10,a
1,18800,pop10,b
1,18800,pop10,c
1,18900,pop0,a
1,18900,pop0,b
1,18900,pop0,c
1,18900,pop1,a
1,18900,pop1,b
1,18900,pop1,c
1,18900,pop2,a
1,18900,pop2,b
1,18900,pop2,c
1,18900,pop3,a
1,18900,pop3,b
1,18900,pop3,c
1,18900,pop4,c
1,18900,pop5,b
1,18900,pop5,c
1,18900,pop6,a
1,18900,pop6,b
1,18900,pop6,c
1,18900,pop7,a
1,18900,pop7,b
1,18900,pop7,c
1,18900,pop8,a
1,18900,pop8,b
1,18900,pop8,c
1,18900,pop9,b
1,18900,pop9,c
1,18900,pop10,a
1,18900,pop10,b
1,18900,pop10,c
1,19000,pop0,b
1,19000,pop0,c
1,19000,pop1,a
1,19000,pop1,b
1,19000,pop1,c
1,19000,pop2,a
1,19000,pop2,b
1,19000,pop2,c
1,19000,pop3,a
1,19000,pop3,b
1,19000,pop3,c
1,19000,pop4,b
1,19000,pop4,c
1,19000,pop5,b
1,19000,pop5,c
1,19000,pop6,a
1,19000,pop6,b
1,19000,pop6,c
1,19000,pop7,a
1,19000,pop7,b
1,19000,pop7,c
1,19000,pop8,a
1,19000,pop8,b
1,19000,pop8,c
1,19000,pop9,a
1,19000,pop9,b
1,19000,pop9,c
1,19000,pop10,a
1,19000,pop10,b
1,19000,pop10,c
1,19100,pop0,a
1,19100,pop0,b
1,19100,pop0,c
1,19100,pop1,a
1,19100,pop1,b
1,19100,pop1,c
1,19100,pop2,a
1,19100,pop2,b
1,19100,pop2,c
1,19100,pop3,a
1,19100,pop3,b
1,19100,pop3,c
1,19100,pop4,b
1,19100,pop4,c
1,19100,pop5,b
1,19100,pop5,c
1,19100,pop6,a
1,19100,pop6,b
1,19100,pop6,c
1,19100,pop7,a
1,19100,pop7,b
1,19100,pop7,c
1,19100,pop8,a
1,19100,pop8,b
1,19100,pop8,c
1,19100,pop9,a
1,19100,pop9,b
1,19100,pop9,c
1,19100,pop10,a
1,19100,pop10,b
1,19100,pop10,c
1,19200,pop0,b
1,19200,pop0,c
1,19200,pop1,a
1,19200,pop1,b
1,19200,pop1,c
1,19200,pop2,a
1,19200,pop2,b
1,19200,pop2,c
1,19200,pop3,a
1,19200,pop3,b
1,19200,pop3,c
1,19200,pop4,b
1,19200,pop4,c
1,19200,pop5,b
1,19200,pop5,c
1,19200,pop6,a
1,19200,pop6,b
1,19200,pop6,c
1,19200,pop7,a
1,19200,pop7,b
1,19200,pop7,c
1,19200,pop8,a
1,19200,pop8,b
1,19200,pop8,c
1,19200,pop9,b
1,19200,pop9,c
1,19200,pop10,a
1,19200,pop10,b
1,19200,pop10,c
1,19300,pop0,a
1,19300,pop0,b
1,19300,pop0,c
1,19300,pop1,a
1,19300,pop1,b
1,19300,pop1,c
1,19300,pop2,a
1,19300,pop2,b
1,19300,pop2,c
1,19300,pop3,a
1,19300,pop3,b
1,19300,pop3,c
1,19300,pop4,b
1,19300,pop4,c
1,19300,pop5,b
1,19300,pop5,c
1,19300,pop6,a
1,19300,pop6,b
1,19300,pop6,c
1,19300,pop7,a
1,19300,pop7,b
1,19300,pop7,c
1,19300,pop8,a
1,19300,pop8,b
1,19300,pop8,c
1,19300,pop9,a
1,19300,pop9,b
1,19300,pop9,c
1,19300,pop10,a
1,19300,pop10,b
1,19300,pop10,c
1,19400,pop0,b
1,19400,pop0,c
1,19400,pop1,a
1,19400,pop1,b
1,19400,pop1,c
1,19400,pop2,b
1,19400,pop2,c
1,19400,pop3,a
1,19400,pop3,b
1,19400,pop3,c
1,19400,pop4,b
1,19400,pop4,c
1,19400,pop5,b
1,19400,pop5,c
1,19400,pop6,a
1,19400,pop6,b
1,19400,pop6,c
1,19400,pop7,a
1,19400,pop7,b
1,19400,pop7,c
1,19400,pop8,a
1,19400,pop8,b
1,19400,pop8,c
1,19400,pop9,a
1,19400,pop9,b
1,19400,pop9,c
1,19400,pop10,a
1,19400,pop10,b
1,19400,pop10,c
1,19500,pop0,a
1,19500,pop0,b
1,19500,pop0,c
1,19500,pop1,a
1,19500,pop1,b
1,19500,pop1,c
1,19500,pop2,a
1,19500,pop2,b
1,19500,pop2,c
1,19500,pop3,a
1,19500,pop3,b
1,19500,pop3,c
1,19500,pop4,c
1,19500,pop5,b
1,19500,pop5,c
1,19500,pop6,a
1,19500,pop6,b
1,19500,pop6,c
1,19500,pop7,a
1,19500,pop7,b
1,19500,pop7,c
1,19500,pop8,a
1,19500,pop8,b
1,19500,pop8,c
1,19500,pop9,b
1,19500,pop9,c
1,19500,pop10,a
1,19500,pop10,b
1,19500,pop10,c
1,19600,pop0,a
1,19600,pop0,b
1,19600,pop0,c
1,19600,pop1,a
1,19600,pop1,b
1,19600,pop1,c
1,19600,pop2,a
1,19600,pop2,b
1,19600,pop2,c
1,19600,pop3,a
1,19600,pop3,b
1,19600,pop3,c
1,19600,pop4,b
1,19600,pop4,c
1,19600,pop5,b
1,19600,pop5,c
1,19600,pop6,a
1,19600,pop6,b
1,19600,pop6,c
1,19600,pop7,a
1,19600,pop7,b
1,19600,pop7,c
1,19600,pop8,a
1,19600,pop8,b
1,19600,pop8,c
1,19600,pop9,a
1,19600,pop9,b
1,19600,pop9,c
1,19600,pop10,a
1,19600,pop10,b
1,19600,pop10,c
1,19700,pop0,a
1,19700,pop0,b
1,19700,pop0,c
1,19700,pop1,a
1,19700,pop1,b
1,19700,pop1,c
1,19700,pop2,a
1,19700,pop2,b
1,19700,pop2,c
1,19700,pop3,a
1,19700,pop3,b
1,19700,pop3,c
1,19700,pop4,b
1,19700,pop4,c
1,19700,pop5,b
1,19700,pop5,c
1,19700,pop6,a
1,19700,pop6,b
1,19700,pop6,c
1,19700,pop7,a
1,19700,pop7,b
1,19700,pop7,c
1,19700,pop8,a
1,19700,pop8,b
1,19700,pop8,c
1,19700,pop9,a
1,19700,pop9,b
1,19700,pop9,c
1,19700,pop10,a
1,19700,pop10,b
1,19700,pop10,c
1,19800,pop0,a
1,19800,pop0,b
1,19800,pop0,c
1,19800,pop1,a
1,19800,pop1,b
1,19800,pop1,c
1,19800,pop2,a
1,19800,pop2,b
1,19800,pop2,c
1,19800,pop3,a
1,19800,pop3,b
1,19800,pop3,c
1,19800,pop4,b
1,19800,pop4,c
1,19800,pop5,b
1,19800,pop5,c
1,19800,pop6,a
1,19800,pop6,b
1,19800,pop6,c
1,19800,pop7,a
1,19800,pop7,b
1,19800,pop7,c
1,19800,pop8,a
1,19800,pop8,b
1,19800,pop8,c
1,19800,pop9,a
1,19800,pop9,b
1,19800,pop9,c
1,19800,pop10,a
1,19800,pop10,b
1,19800,pop10,c
1,19900,pop0,a
1,19900,pop0,b
1,19900,pop1,a
1,19900,pop1,b
1,19900,pop1,c
1,19900,pop2,a
1,19900,pop2,b
1,19900,pop2,c
1,19900,pop3,a
1,19900,pop3,b
1,19900,pop3,c
1,19900,pop4,c
1,19900,pop5,b
1,19900,pop5,c
1,19900,pop6,a
1,19900,pop6,b
1,19900,pop6,c
1,19900,pop7,a
1,19900,pop7,b
1,19900,pop7,c
1,19900,pop8,a
1,19900,pop8,b
1,19900,pop8,c
1,19900,pop9,b
1,19900,pop9,c
1,19900,pop10,a
1,19900,pop10,b
1,19900,pop10,c
